iteration,crudeOil,HVC,CHP,LTH,MTH,HTH,DH,SpaceHeating,rawBiogas,syngas,coal
1,-763.7477311,-0.778222241,-3.50E-05,-3.30E-05,0,-4.22E-05,0,0,-0.000602193,0,-8.19E-05
2,-312.2489607,-476.9978612,0,-2.50E-05,0,0,0,0,-0.00023623,0,0
3,-44.53803414,-0.000384898,-0.000290949,-0.001434328,-2.84E-05,-82.62228173,-3.22E-05,0,-23.28768329,-0.000332802,-0.000597146
4,-133.5129797,-8.34E-05,0,-0.000185775,0,-2.828780462,-0.000116056,0,-1.062045992,0,-0.00010324
5,-815.6718241,-1.970034669,0,0,0,0,0,0,-0.000113165,0,0
6,-300.4940767,-436.1550508,-4.68E-05,-2.23E-05,0,-3.34E-05,0,0,-0.000379134,0,-6.69E-05
7,-93.95222117,-43.0427262,0,-0.020630142,0,-355.4247339,0,-27.35558745,-13.04075178,0,-4.80E-05
8,-395.5143251,-532.4842501,0,-7.43E-05,-1.07E-05,-9.38E-05,0,0,-0.000660709,0,0
9,-248.4843614,-446.3210176,-5.83E-05,-0.061701625,0,-134.6932121,-1.05E-05,-15.05978059,-6.058529735,-6.26E-05,-0.000195166
10,-297.5839648,-338.3804978,0,0,0,0,0,0,-8.19E-05,0,0
11,-305.2538396,-551.4783054,0,-1.05E-05,0,0,0,0,-0.000140903,0,0
12,-378.9879257,-425.9907964,0,0,0,0,0,0,-2.44E-05,0,0
13,-349.8108148,-514.2632562,0,0,0,0,0,0,-0.000139742,0,0
14,-359.6928432,-394.451526,-1.17E-05,-5.90E-05,0,0,0,0,-0.000494518,0,0
15,-571.6451917,-393.64544,-0.000117942,-0.000138066,0,-0.478663074,0,0,-0.000632483,0,-8.68E-05
16,-425.3940245,-548.7829543,0,0,0,0,0,0,-0.000122408,0,0
17,-240.2262075,-262.4175085,-0.000216771,-0.001311055,-3.07E-05,-429.5925519,-0.000131042,-0.269839674,-35.62400081,-4.32E-05,-0.509656692
18,-268.4421721,-361.7462526,-0.000135791,-0.045013036,-9.78E-05,-142.0454812,-0.000111446,0,-19.86165928,0,-0.000256274
19,-433.8231401,-299.9424154,0,0,0,-9.13E-05,0,0,-0.000167696,0,-6.26E-05
20,-310.2287021,-464.361887,-1.10E-05,-8.07E-05,0,-3.49E-05,0,0,-0.00040572,0,-3.37E-05
21,-376.8589649,-508.6408761,-0.000190926,-0.000390191,-2.88E-05,-0.002865069,-9.60E-05,0,-0.00139683,-1.25E-05,-0.000259711
22,-291.7816789,-300.9076287,-0.000128478,-0.000195341,-1.23E-05,-60.48951374,0,0,-0.001123933,-2.45E-05,-0.000283968
23,-320.3298159,-537.0583257,0,-0.039774271,0,-15.24430399,-0.0060615,0,-6.523850694,0,0
24,-134.8524532,-0.777545629,-0.00011398,-0.06017464,0,-224.2589951,-1.40E-05,-32.36742566,-14.40819565,-0.000122131,-0.000194012
25,-424.0374788,-486.234467,0,0,0,0,0,0,-0.000124051,0,0
26,-181.2870191,-337.8838084,-5.98E-05,-0.094039722,-5.69E-05,-322.9786862,-1.810060128,-21.3718411,-65.83107554,0,-0.000223598
27,-173.9200847,-179.9924127,-0.000174472,-0.00035725,-3.79E-05,-184.3047967,0,-0.629429952,-0.002021129,-7.11E-05,-0.000334708
28,-391.6032853,-589.3900051,0,0,0,0,0,0,-0.000196014,0,0
29,-257.7663869,-329.6306576,-0.000263727,-0.001501471,-0.000177908,-191.5741444,-0.007688114,-2.833338315,-16.93258123,-6.37E-05,-20.35203107
30,-309.2750753,-539.7004303,0,0,0,0,0,0,-3.58E-05,0,0
31,-403.4769193,-451.0988094,0,0,0,0,0,0,-3.53E-05,0,0
32,-410.2594244,-384.586495,-2.31E-05,-0.000220781,-3.94E-05,-0.001892949,-7.65E-05,-16.13373603,-0.001139281,-9.80E-05,-0.000190679
33,-181.0369566,-0.001315452,-0.000240136,-0.025142817,-0.002457096,-331.2286128,-7.56E-05,0,-13.34539582,-0.000222879,-0.000484819
34,-131.8123328,-388.7868143,-0.00045163,-0.000649697,0,-229.999121,-0.000199355,-6.363224523,-7.308325014,-0.00020606,-0.000867746
35,-344.4977321,-549.3234397,0,-2.63E-05,0,-2.39E-05,-1.09E-05,0,-0.000537997,0,0
36,-432.0891442,-501.3579052,-7.79E-05,-0.000174534,0,-0.452032652,0,0,-0.000772153,0,-0.000144602
37,-271.872218,-424.5052013,0,0,0,0,0,0,0,0,0
38,-1.773311414,-5.59E-05,-1.28E-05,-9.06E-05,0,-37.69698247,0,0,-1.123980355,-3.71E-05,-0.000168893
39,-355.9023753,-393.0665124,-6.02E-05,-0.057904867,-6.87E-05,-119.6882329,0,-33.49203447,-9.430381122,-5.40E-05,-0.000197533
40,-442.8263286,-612.7574174,0,-3.33E-05,0,-2.54E-05,0,0,-0.000416255,0,0
41,-357.3604703,-442.8075996,0,0,0,0,0,0,-7.53E-05,0,0
42,-347.1002424,-402.6283061,-2.18E-05,-2.26E-05,0,0,0,0,-0.000233844,0,0
43,-29.60382579,-5.44E-05,-1.05E-05,-0.000417562,0,-70.41681425,0,0,-29.39941168,0,-0.000136292
44,-444.4159743,-404.0276227,0,-1.04E-05,0,-8.44E-05,0,0,-0.000345401,0,0
45,-368.3310872,-504.4393475,0,0,0,0,0,0,-0.00020105,0,0
46,-328.4199034,-475.2762881,0,-1.10E-05,0,0,0,0,-0.000215984,0,0
47,-389.5991131,-591.5067622,0,-1.26E-05,0,-2.05E-05,0,0,-0.00044364,0,0
48,-231.5309647,-241.6960196,-1.41E-05,-0.028553422,0,-141.7661928,0,-59.61488125,-14.62872686,-1.05E-05,-3.86E-05
49,-308.3431111,-304.2271279,-0.000191567,-0.033407923,-0.000543945,-161.173509,-0.000274016,0,-20.83404173,-2.38E-05,-0.000553256
50,-452.1174346,-462.6532735,0,0,0,0,0,0,-0.000133716,0,0
51,-379.4236321,-443.6720221,-1.14E-05,-0.052263583,-0.008088574,-41.20188259,-1.24E-05,-82.69621787,-8.570248031,0,-0.000158082
52,-411.6125804,-582.4004534,0,0,0,0,0,0,-7.37E-05,0,0
53,-312.9292726,-421.1831462,0,0,0,0,0,0,-0.000106317,0,0
54,-327.91515,-424.9273037,0,0,0,0,0,0,-7.05E-05,0,0
55,-419.716223,-597.686049,0,0,0,0,0,0,-3.61E-05,0,0
56,-343.0030832,-336.905643,-0.000201983,-0.082699471,-0.000296956,-206.3585675,-2.57E-05,-0.592833877,-0.748787849,-0.000154646,-0.000399047
57,-240.162767,-305.5466935,-0.000108854,-0.042064462,-12.40781209,-120.9860514,-6.90E-05,0,-19.38973348,-0.000103998,-0.000359447
58,-353.4938168,-360.3504826,0,0,0,0,0,0,-1.46E-05,0,0
59,-372.4595152,-410.1142297,0,0,0,0,0,0,-5.31E-05,0,0
60,-395.1658015,-515.8863356,0,0,0,0,0,0,-0.000146889,0,0
61,-420.6854725,-448.7439967,-2.24E-05,-8.53E-05,0,-3.128086703,0,0,-0.000351439,0,-1.05E-05
62,-333.4566705,-245.021167,-0.000106845,-0.000225744,0,-78.83776863,0,0,-0.000705733,0,-0.000118128
63,-346.2523283,-497.9257615,-1.03E-05,-2.40E-05,0,0,0,0,-0.000525185,0,0
64,-257.9049243,-223.8247964,-2.49E-05,-0.070493275,0,-162.3045612,-2.24E-05,0,-30.30937788,0,-0.000103331
65,-241.8723833,-282.6008165,-0.000145039,-0.031929328,-3.58E-05,-104.4997126,-2.46E-05,-24.02728388,-15.13414435,0,-0.000172766
66,-282.8099524,-253.5231962,-0.000163286,-0.000265009,-2.43E-05,-246.7191509,-0.000120406,-9.747191511,-0.001023088,-1.45E-05,-0.000339433
67,-309.5421939,-442.2088175,0,0,0,0,0,0,-0.000129706,0,0
68,-340.4190307,-536.7374119,0,0,0,0,0,0,-5.26E-05,0,0
69,-332.6352174,-415.3603434,-1.11E-05,-2.58E-05,0,0,0,0,-0.000420367,0,0
70,-339.2438614,-586.8542925,0,0,0,0,0,0,-0.000296015,0,0
71,-362.6887218,-414.1797185,-1.03E-05,-0.000397523,-1.15E-05,-14.67054195,-6.55E-05,-85.12014989,-0.001830143,0,-0.00013778
72,-297.7249957,-411.9326168,0,0,0,0,0,0,-0.000288301,0,0
73,-333.2810509,-414.1359229,0,0,0,0,0,0,0,0,0
74,-357.3564282,-444.706175,0,-5.20E-05,0,-0.000173336,0,0,-0.000455479,0,-1.00E-05
75,-342.3423378,-367.7906912,0,-3.24E-05,0,-5.95E-05,0,0,-0.000476155,0,0
76,-301.3450296,-456.5398297,-0.000125769,-0.011123577,-2.62E-05,-71.91848814,0,-0.31697604,-30.681065,-8.67E-05,-9.95E-05
77,-179.1558408,-100.1433763,-0.000272811,-0.010365543,-0.000600483,-445.5359667,-3.61E-05,-16.93654973,-13.44836235,-1.41E-05,-0.000870926
78,-369.3581366,-549.7075326,-1.07E-05,-4.99E-05,0,-1.12E-05,0,0,-0.000339341,0,0
79,-324.9992241,-382.7350159,0,0,0,0,0,0,-6.01E-05,0,0
80,-287.8830522,-485.440139,0,0,0,0,0,0,-0.000111114,0,0
81,-315.9378965,-408.3842875,0,-1.38E-05,0,-2.19E-05,0,0,-0.000347733,0,0
82,-322.5744006,-596.3109103,0,0,0,0,0,0,-0.00020586,0,0
83,-661.902823,-326.9697477,-7.96E-05,-4.73E-05,0,-0.000303294,0,0,-0.000358045,0,-8.65E-05
84,-303.2490757,-593.9180943,0,0,0,-3.31E-05,0,0,-0.000268319,0,-2.13E-05
85,-407.5058193,-445.8648249,0,0,0,0,0,0,-0.000231816,0,0
86,-248.0265108,-158.7404169,-0.000160027,-0.080605839,0,-249.566479,-2.48E-05,-4.870298972,-20.30185888,-0.000101978,-0.000608535
87,-376.4082854,-403.1315114,0,0,0,0,0,0,-0.000284397,0,0
88,-362.2550617,-463.9223875,0,0,0,0,0,0,-0.000115319,0,0
89,-427.7196857,-485.7570949,0,0,0,0,0,0,-0.000114636,0,0
90,-383.3487424,-346.1570664,0,0,0,-3.23E-05,0,0,-0.000274583,0,0
91,-174.6215094,-325.3962617,-0.000211532,-0.06786377,-1.05E-05,-146.9959233,-1.13E-05,-38.99498162,-37.80359894,-2.43E-05,-0.000297032
92,-160.191876,-396.4471673,-9.75E-05,-0.106971479,-0.002643516,-142.5681857,-4.695929622,0,-61.60178243,0,-1.00E-05
93,-393.92158,-602.9791692,0,0,0,0,0,0,-3.38E-05,0,0
94,-307.6263692,-349.4261569,0,-7.13E-05,0,0,0,0,-0.000448124,0,-6.11E-05
95,-853.0501628,-1.969979102,0,0,0,0,0,0,0,0,0
96,-336.1850013,-372.5342135,0,0,0,0,0,0,-0.000159594,0,0
97,-299.779198,-518.0205143,0,0,0,0,0,0,-0.000113267,0,0
98,-283.2590395,-344.7141368,-3.51E-05,-0.053668152,-1.03E-05,-141.525984,0,-20.86366167,-15.5193691,-9.62E-05,-0.000287122
99,-349.7927377,-470.683628,0,0,0,0,0,0,-5.64E-05,0,0
100,-359.4660052,-349.0579463,0,0,0,0,0,0,-0.00012766,0,0
101,-751.3054414,-196.8572046,0,0,0,0,0,0,0,0,0
102,-352.9148767,-450.2260939,0,0,0,0,0,0,-0.000153411,0,0
103,-363.7862289,-476.1705255,0,-3.68E-05,0,-2.46E-05,0,0,-0.000422327,0,0
104,-392.0722188,-402.2861015,0,0,0,0,0,0,-5.36E-05,0,0
105,-436.3065752,-550.6738449,-1.02E-05,-2.63E-05,0,-1.32E-05,0,0,-0.00041308,0,0
106,-380.0489802,-414.8877334,0,0,0,0,0,0,-9.34E-05,0,0
107,-263.7666405,-502.0992002,0,0,0,0,0,0,-0.000164696,0,0
108,-524.4548967,-446.3072807,0,0,0,0,0,0,-0.000101705,0,0
109,-189.4581334,-299.4391857,0,-0.000108035,0,-291.3663408,-0.09471349,0,-47.66523438,-1.27E-05,-0.000138295
110,-323.2402115,-448.116284,-3.49E-05,-0.034553116,0,-131.6938546,0,-33.84030895,-14.26820935,0,-0.000133165
111,-354.9722034,-487.9763319,0,0,0,0,0,0,-0.000124619,0,0
112,-852.5186157,-4.953342035,-3.57E-05,-2.46E-05,0,-1.11E-05,0,0,-0.000267963,0,-1.05E-05
113,-120.226329,-147.783132,-0.000185003,-0.076021959,-0.000104213,-272.7919859,-1.09E-05,-229.2982204,-58.84326431,-1.20E-05,-0.000548888
114,-146.374149,-84.41036358,-2.34E-05,-0.000190376,-3.64E-05,-0.309585447,-2.44E-05,0,-0.001589292,-4.97E-05,-0.000245772
115,-405.8508433,-419.2745746,0,0,0,0,0,0,-9.93E-05,0,0
116,-724.4659383,-198.8539961,-1.05E-05,0,0,-1.01E-05,0,0,-0.000222396,0,-3.53E-05
117,-236.1147437,-165.4833199,-0.000241317,-0.065485564,-3.75E-05,-273.9625949,-4.77E-05,0,-14.61145667,0,-23.89416338
118,-432.7422075,-406.7789896,0,-0.454355214,0,-53.52358503,0,-27.23922319,-0.455297498,0,0
119,-358.500205,-531.4349745,0,0,0,0,0,0,-2.44E-05,0,0
120,-351.7760503,-331.5527168,-5.88E-05,-0.000142047,0,-65.45298463,0,0,-0.001355831,0,-0.000108258
121,-397.7019808,-450.3633232,0,0,0,0,0,0,-7.58E-05,0,0
122,-668.029151,-66.00553222,-1.16E-05,-2.19E-05,0,-1.01E-05,0,0,-0.00016253,0,0
123,-69.55307992,-0.000176033,-0.000387793,-0.000573948,-3.54E-05,-71.64571639,-4.34E-05,0,-8.1128424,-0.000327797,-0.00033046
124,-364.1048388,-190.4451822,-0.00012816,-0.000390041,-1.91E-05,-169.5816174,-4.23E-05,0,-1.191349817,-1.13E-05,-0.000504191
125,-353.8013448,-449.3950208,0,-0.065225684,0,-158.2575248,0,0,-15.47363855,0,0
126,-383.9615579,-503.7311604,0,0,0,0,0,0,-0.000272537,0,0
127,-331.140817,-18.6472213,-3.67E-05,-0.088429633,0,-192.3010395,-2.53E-05,-25.19536454,-13.76114189,0,-0.000125058
128,-34.2846796,-21.92666452,-0.000173523,-0.0127761,0,-323.4259625,-4.33E-05,-155.469432,-2.032282429,0,-40.62817932
129,-348.8217844,-361.8695655,-2.17E-05,-0.000395264,0,-86.94547561,0,-23.61544429,-1.821689947,0,-0.00011332
130,-322.8913617,-454.3983455,0,0,0,0,0,0,-2.65E-05,0,0
131,-380.0937476,-510.3467971,0,0,0,0,0,0,-0.000146166,0,0
132,-806.7216197,-12.041915,0,0,0,0,0,0,-2.52E-05,0,0
133,-273.3747715,-491.487239,0,0,0,0,0,0,-0.000167511,0,0
134,-812.4308458,-183.0665998,-2.20E-05,-3.56E-05,0,-0.000124157,0,0,-0.000414668,0,-0.000268494
135,-322.4362726,-417.8869197,0,0,0,0,0,0,-3.18E-05,0,0
136,-38.53628552,-278.8956462,0,-0.108385052,0,-287.0314023,0,-15.1208869,-83.1535389,0,-6.79E-05
137,-373.4905995,-74.40464431,-2.77E-05,-0.000197457,0,-221.7879788,0,-0.465791332,-0.000632584,0,-0.000154901
138,-367.8230081,-293.4186856,-0.000154353,-0.000282617,0,-84.42606575,-1.19E-05,0,-0.000952858,0,-0.000111769
139,-360.1635023,-433.7892098,-0.000143086,-0.000325091,-2.78E-05,-0.000631311,-4.86E-05,0,-0.001130089,-3.20E-05,-2.78E-05
140,-403.9723361,-374.8295196,0,0,0,0,0,0,-6.62E-05,0,0
141,-319.4018857,-349.8055177,0,-2.27E-05,0,-4.79E-05,0,0,-0.000354363,0,0
142,-347.4480548,-408.525117,0,0,0,0,0,0,-4.08E-05,0,0
143,-310.2443031,-363.8481545,0,0,0,0,0,0,-0.00023409,0,0
144,-370.2388895,-467.2024219,0,-1.26E-05,0,0,0,0,-0.000297507,0,0
145,-300.1845052,-554.2411417,-1.05E-05,-0.000160009,-1.04E-05,-0.001344963,0,0,-0.001423792,0,-1.26E-05
146,-358.4026024,-520.5139416,0,0,0,0,0,0,-0.000134623,0,0
147,-351.2597895,-474.0839251,-1.00E-05,-1.01E-05,0,0,0,0,-0.0001419,0,0
148,-372.6344964,-557.5615256,-5.61E-05,-0.00012171,0,-3.723109304,0,0,-0.00115677,0,-3.60E-05
149,-398.4659209,-561.8699477,0,0,0,0,0,0,-1.09E-05,0,0
150,-170.7233459,-0.000163934,-0.000218111,-0.049427388,-0.000696755,-424.9099868,-2.79E-05,-7.104516833,-29.07166512,-7.07E-05,-0.000604058
151,-381.8206125,-410.2123005,0,0,0,0,0,0,-0.000156474,0,0
152,-308.7111761,-510.0323617,0,0,0,0,0,0,-9.09E-05,0,0
153,-205.7837108,-381.7229726,-0.00016365,-0.000838779,-2.37E-05,-118.0733087,-2.76E-05,-86.48056473,-45.07115803,-1.05E-05,-0.00031408
154,-348.691215,-351.892936,0,0,0,0,0,0,-0.000245488,0,0
155,-324.9888219,-441.643874,0,0,0,0,0,0,-0.000142395,0,0
156,-200.0454304,-0.000612161,-0.000669673,-0.001137656,-0.000253627,-218.6597378,-7.51E-05,-91.20566378,-4.038297867,-0.00032823,-0.0013005
157,-430.9284704,-338.9205847,0,0,0,0,0,0,-0.000113508,0,0
158,-406.6228628,-406.2498117,0,0,0,0,0,0,-0.000183969,0,0
159,-342.5589457,-558.2322125,0,0,0,0,0,0,-0.000132887,0,0
160,-337.442276,-540.9362984,0,0,0,0,0,0,-0.000127367,0,0
161,-288.7948632,-493.30214,-3.16E-05,-0.000185313,0,-0.000255909,0,0,-0.000825507,0,-3.95E-05
162,-293.3796073,-335.1137623,-0.00026606,-0.000387094,-5.07E-05,-168.1105301,-0.000740942,-0.111765999,-4.58529164,-0.000151749,-0.000728842
163,-180.2854658,-101.7170175,-5.84E-05,-0.196458688,-1.22E-05,-387.4627211,0,-43.69518029,-22.93340123,-4.53E-05,-0.000638426
164,-161.0520735,-43.49323535,-0.000165176,-0.058029321,-3.45E-05,-244.8306783,-8.64E-05,-39.63814094,-24.56636322,-6.59E-05,-0.000183059
165,-336.4138635,-509.8966151,0,-0.064627789,-0.009525656,-48.18522567,-1.26E-05,0,-20.58683944,0,0
166,-399.9661396,-486.2059073,0,-2.18E-05,0,0,0,0,-0.000329422,0,0
167,-445.9512665,-559.009067,-1.10E-05,-2.53E-05,0,0,0,0,-0.000339557,0,-2.30E-05
168,-454.4580391,-343.1587982,0,-1.08E-05,0,0,0,0,-0.000176274,0,0
169,-234.8177411,-426.7574381,-2.14E-05,-0.10161347,-1.05E-05,-140.8327195,-2.28E-05,-11.10931233,-9.76339826,-7.63E-05,-0.000228018
170,-639.890645,-248.1432166,0,0,0,-1.13E-05,0,0,-5.52E-05,0,0
171,-368.7721163,-576.2290533,0,0,0,0,0,0,-2.99E-05,0,0
172,-325.5023758,-488.6991589,0,0,0,0,0,0,-7.75E-05,0,0
173,-428.7671147,-508.8651295,0,0,0,0,0,0,-7.53E-05,0,0
174,-406.8086472,-335.0007158,0,0,0,0,0,0,-1.12E-05,0,0
175,-280.9503683,-159.4240344,-3.52E-05,-0.022403778,0,-259.4064018,0,0,-15.51381123,0,-2.87E-05
176,-367.5887667,-533.0284441,-1.02E-05,-9.08E-05,0,-0.061511725,0,0,-0.001391496,-3.53E-05,-3.63E-05
177,-297.0266752,-431.1688158,0,0,0,-4.408350021,0,0,-9.57E-05,0,0
178,-398.7042415,-614.6555032,0,0,0,0,0,0,-1.27E-05,0,0
179,-336.9254648,-535.2564965,0,0,0,0,0,0,-0.000216613,0,0
180,-320.8254403,-428.8032504,0,-6.97E-05,0,-0.000197735,0,0,-0.000579973,0,0
181,-130.0078629,-0.000646571,-0.000428199,-0.058529963,-0.000117796,-333.9142903,-0.000356024,-2.490316685,-26.64981602,-0.000168745,-0.00228769
182,-191.0058746,-132.7527505,-0.000119377,-0.020318934,-2.75E-05,-239.3126167,-3.79E-05,-51.25189986,-22.39664721,-8.58E-05,-0.000407566
183,-810.9523193,-8.56E-05,0,0,0,0,0,0,-7.32E-05,0,0
184,-379.7137675,-382.2390934,0,0,0,0,0,0,-0.000101716,0,0
185,-340.9262092,-603.8702882,0,0,0,0,0,0,-0.000123564,0,0
186,-333.593424,-583.3111439,0,0,0,0,0,0,-0.000165705,0,0
187,-647.3762444,-181.2049636,0,0,0,0,0,0,-7.94E-05,0,0
188,-359.2904412,-432.4986736,0,0,0,0,0,0,-4.13E-05,0,0
189,-361.9401704,-477.6196779,0,0,0,-3.16E-05,0,0,-0.0002379,0,0
190,-311.5309796,-529.2918946,0,0,0,0,0,0,-5.19E-05,0,0
191,-395.1166751,-549.5524768,0,-1.19E-05,0,0,0,0,-0.000276176,0,0
192,-321.7237158,-486.240315,-0.000198738,-0.000395053,-2.51E-05,-0.002781122,-0.000108649,0,-0.002072876,-7.14E-05,-8.67E-05
193,-405.6606516,-418.6393092,0,-2.49E-05,0,0,0,0,-0.000275292,0,0
194,-407.5810957,-434.9749473,-1.30E-05,-0.000340843,-1.30E-05,-1.947831809,-1.16E-05,0,-0.831676567,0,-9.04E-05
195,-330.171274,-566.1233896,0,0,0,0,0,0,-8.29E-05,0,0
196,-430.8985801,-380.8575241,0,0,0,0,0,0,-0.000216359,0,0
197,-228.0298237,-126.9895359,-0.00012701,-0.021947172,-4.10E-05,-311.6704897,0,-23.60318537,-35.41755081,0,-8.73E-05
198,-345.391252,-466.0724727,0,0,0,0,0,0,-6.50E-05,0,0
199,-315.0177882,-251.0630615,-2.49E-05,-0.000146099,0,-58.83216066,0,-13.34562176,-0.000273312,0,-9.70E-05
200,-211.291271,-383.7927364,-0.000151236,-0.000773928,-1.40E-05,-158.5516,0,-11.97282241,-0.670766588,-0.000113847,-0.000652274
201,-356.1890591,-449.0882153,0,0,0,0,0,0,-3.84E-05,0,0
202,-397.6801597,-483.7223525,0,-2.32E-05,0,-5.44E-05,0,0,-0.000440809,0,-1.09E-05
203,-398.8291717,-581.6793315,0,0,0,0,0,0,-0.000135752,0,0
204,-345.9707381,-476.0188662,0,0,0,0,0,0,-0.000206012,0,0
205,-245.3471098,-567.8827927,0,-0.1101645,0,-123.2382442,0,0,-52.61252309,0,0
206,-363.6382462,-477.6808824,0,0,0,0,0,0,-7.43E-05,0,0
207,-392.9101784,-375.8212404,0,0,0,0,0,0,-0.000195455,0,0
208,-344.925926,-483.6778413,0,0,0,0,0,0,-2.18E-05,0,0
209,-588.480533,-192.4482387,0,0,0,0,0,0,-1.30E-05,0,0
210,-111.0110789,-0.000122514,-4.51E-05,-0.00027575,0,-0.355660393,0,0,-0.021604119,-2.10E-05,-5.46E-05
211,-275.6352898,-600.9507655,0,0,0,0,0,0,-7.02E-05,0,0
212,-300.8193892,-512.7467392,-2.70E-05,-0.024880411,0,-29.97217218,-4.87E-05,0,-12.79527186,0,0
213,-285.7241942,-411.342463,0,0,0,-7.25E-05,0,0,-0.000412705,0,0
214,-172.1588766,-180.1634081,-0.000236391,-0.074906213,0,-316.7209099,-2.72E-05,-114.4084843,-18.08273633,-5.47E-05,-0.00029709
215,-396.6255894,-552.7186642,0,0,0,0,0,0,-1.13E-05,0,0
216,-282.4076649,-401.1954803,0,-0.028621266,-4.65E-05,-190.8351104,0,-0.363458738,-26.44836033,-6.74E-05,-0.000130153
217,-395.4337746,-597.1599442,0,-1.15E-05,0,0,0,0,-0.000306831,0,0
218,-353.6475354,-350.2635579,-1.11E-05,-2.25E-05,0,0,0,0,-0.00020906,0,0
219,-291.1897207,-352.9350849,0,-1.19E-05,0,0,0,0,-0.000434891,0,0
220,-338.3056565,-422.7923115,0,-0.000130124,0,-0.000915745,0,0,-0.000998204,-1.15E-05,0
221,-133.6407901,-0.00046755,-0.000267814,-0.017971418,-0.000302044,-86.25037543,-0.002878751,-8.921753002,-10.49270889,-0.000193397,-0.000313241
222,-342.1192129,-428.0523748,0,-1.20E-05,0,0,0,0,-0.000440233,0,0
223,-494.3337993,-16.15576678,-1.10E-05,0,0,-7.389887732,0,0,-0.000260389,0,-0.000180332
224,-349.5811902,-498.4680063,0,0,0,0,0,0,-0.000163718,0,0
225,-293.9485882,-389.9931187,-4.28E-05,-0.000362443,0,-57.07615321,0,-45.75811496,-1.660356919,-5.02E-05,-5.08E-05
226,-82.64655633,-20.69111321,-5.31E-05,-0.011684787,0,-290.0875222,-2.25E-05,-38.45288855,-1.918232743,-4.94E-05,-0.000150137
227,-352.2825114,-337.178768,0,0,0,0,0,0,-0.00012271,0,0
228,-402.6605344,-388.6455053,0,-1.19E-05,0,0,0,0,-0.000188332,0,0
229,-134.5090333,-0.000128945,-2.51E-05,-0.027247116,-3.68E-05,-40.23218746,0,-3.016650844,-14.67971775,-0.00014352,-4.43E-05
230,-347.3987082,-394.0870267,0,0,0,-66.84067287,0,0,-0.021023281,0,0
231,-370.8470122,-571.9999082,0,0,0,0,0,0,-0.000116242,0,0
232,-413.0619754,-439.0096823,0,-3.64E-05,0,-2.25E-05,0,0,-0.000395804,0,0
233,-387.6792393,-350.8284148,-3.54E-05,-0.00017277,0,-0.00024634,0,0,-0.000635366,0,-3.17E-05
234,-284.688254,-558.2172719,-0.000331157,-0.000621483,-0.000170797,-0.002735005,-1.691022631,-4.07E-05,-0.723397848,-0.00013105,-0.000346779
235,-125.7362151,-0.000103328,-6.76E-05,-0.002200153,-1.30E-05,-119.0791544,-0.000107472,0,-18.63658954,0,-0.000319724
236,-756.2000663,-26.76648499,-7.49E-05,-0.043017608,0,-12.14034389,0,0,-0.00033597,0,-0.000217048
237,-365.6498285,-582.4383864,-1.13E-05,-2.23E-05,0,-8.64E-05,0,0,-0.000483118,0,-7.05E-05
238,-89.88108271,-6.26E-05,-5.02E-05,-0.000658473,-3.83E-05,-60.28919157,0,0,-24.82936041,-0.000147948,-1.53E-05
239,-365.1339966,-513.7185774,0,0,0,0,0,0,-0.000252275,0,0
240,-328.4425245,-480.293115,0,0,0,0,0,0,-1.01E-05,0,0
241,-303.1158316,-599.6449294,0,-5.43E-05,0,-1.03E-05,0,0,-0.000328416,0,-1.10E-05
242,-398.5208523,-410.6054477,0,-2.57E-05,0,0,0,0,-0.000150108,0,0
243,-356.721839,-540.0478554,0,-1.16E-05,0,0,0,0,-0.000132432,0,0
244,-405.6595816,-499.9633236,-1.05E-05,-4.67E-05,-1.02E-05,-0.000226825,-0.000248871,0,-0.000679175,0,-9.24E-05
245,-277.17781,-535.6797377,0,0,0,0,0,0,-4.77E-05,0,0
246,-808.9847857,-48.69271431,-0.000107356,-3.70E-05,0,-4.34E-05,0,0,-0.000194216,0,-5.05E-05
247,-396.3199928,-403.8433849,0,-1.13E-05,0,0,0,0,-0.000217304,0,0
248,-375.7891933,-614.3405794,0,-1.09E-05,0,0,0,0,-0.000215449,0,0
249,-440.8661603,-507.0695487,0,-1.04E-05,0,0,0,0,-0.000176446,0,0
250,-454.0206083,-310.341967,-1.14E-05,-1.06E-05,0,-2.56E-05,0,0,-0.000227469,0,0
251,-318.3171278,-571.1818246,0,0,0,0,0,0,-0.00011142,0,0
252,-367.4622513,-376.088142,0,0,0,0,0,0,0,0,0
253,-106.836278,-0.00018092,-0.000180057,-0.000714923,0,-28.89971502,-1.09E-05,0,-1.591613384,-0.00022834,-0.000108086
254,-275.0510438,-0.778083923,-0.000322887,-0.085778541,-5.07E-05,-167.1246807,-1.19E-05,-25.30824793,-24.18850728,-7.90E-05,-0.000217086
255,-193.3228758,-117.334348,-1.49E-05,-0.018990661,0,-326.1023456,0,-188.2314331,-9.581968952,-2.40E-05,-0.671987164
256,-319.9357887,-587.3138741,0,0,0,0,0,0,-2.07E-05,0,0
257,-242.1840648,-325.8704055,-0.000109907,-0.074242637,0,-66.92500181,-2.10E-05,-84.85992428,-13.79322134,0,-0.000171709
258,-341.7234371,-510.92343,0,-0.000101807,-1.80E-05,-0.002059044,-1.31E-05,0,-0.001683114,0,0
259,-380.7104044,-496.848989,0,0,0,0,0,0,-7.82E-05,0,0
260,-86.69256377,-3.51E-05,-4.61E-05,-1.281354308,-0.000108158,-82.51387822,-0.00012511,0,-35.75362701,-4.90E-05,-0.000142592
261,-810.9795571,-172.2934845,-5.79E-05,-0.003613266,0,-0.696625742,0,0,-0.000495918,0,-0.000171129
262,-421.7837859,-405.3611901,0,0,0,0,0,0,-4.26E-05,0,0
263,-390.7186145,-523.8222911,0,0,0,0,0,0,0,0,0
264,-405.104531,-373.588094,0,0,0,0,0,0,-4.16E-05,0,0
265,-301.4642867,-419.7106406,0,0,0,-2.33E-05,0,0,-0.00035713,0,0
266,-384.7972068,-586.2102025,0,-2.12E-05,0,0,0,0,-0.000440634,0,0
267,-326.0408055,-397.5057228,0,-2.30E-05,0,0,0,0,-0.000293632,0,0
268,-303.2655384,-416.1719222,-4.90E-05,-0.000303195,-1.31E-05,-1.329348455,0,0,-0.567779764,0,0
269,-427.6428108,-1.970840783,-2.57E-05,-0.000162288,0,-0.001372929,0,0,-0.000816385,0,-0.000124155
270,-372.2466854,-420.3747533,0,0,0,0,0,0,-2.68E-05,0,0
271,-13.47726986,-9.46E-05,-0.000117809,-0.004580225,0,-417.6704025,-2.07E-05,-9.555502884,-29.85156447,-5.15E-05,-0.000481284
272,-355.3849805,-497.5509141,0,-1.13E-05,0,-1.15E-05,0,0,-0.000279034,0,0
273,-327.7883492,-447.8139994,-1.17E-05,-0.000172171,0,-1.21E-05,0,0,-0.000456126,0,0
274,-327.5221776,-373.1998812,-0.000109508,-0.033021054,-4.47E-05,-37.74729977,-3.83E-05,0,-16.11635591,-7.81E-05,-6.65E-05
275,-349.1341078,-419.132584,0,-6.75E-05,-1.25E-05,-74.94048431,0,-5.551610891,-0.001588391,0,0
276,-345.1660887,-583.7205131,0,0,0,0,0,0,-0.000181128,0,0
277,-236.0046612,-0.777377323,-0.000116908,-0.02000134,-1.11E-05,-322.6037038,-4.19E-05,0,-29.94402872,-9.99E-05,-0.000380149
278,-325.9714352,-466.4714051,0,-8.34E-05,0,-3.30E-05,-2.31E-05,0,-0.000624524,0,0
279,-379.9136925,-458.3004599,0,0,0,0,0,0,-0.00021162,0,0
280,-316.6242085,-539.409993,0,0,0,0,0,0,-2.82E-05,0,0
281,-327.3748926,-579.9003793,0,-2.27E-05,0,-4.09E-05,0,0,-0.000464878,0,0
282,-381.9377733,-500.8483056,0,0,0,0,0,0,-0.000181427,0,0
283,-168.0616463,-235.4352885,-0.000263087,-0.001031552,0,-135.2504106,-7.62E-05,-123.7750741,-8.3798199,0,-0.00039695
284,-590.9294278,-142.7972868,-3.42E-05,-1.16E-05,0,-1.00E-05,0,0,-0.000258839,0,-3.56E-05
285,-393.9420689,-517.5589112,0,0,0,-1.30E-05,0,0,-0.000243304,0,0
286,-396.7700098,-575.5537831,0,0,0,0,0,0,-0.000150109,0,0
287,-423.2310282,-401.2602699,0,-1.03E-05,0,-2.28E-05,0,0,-0.000372438,0,-5.18E-05
288,-329.3683381,-381.9207549,0,0,0,0,0,0,-3.37E-05,0,0
289,-327.8890197,-338.5824337,-1.07E-05,-2.37E-05,0,0,0,0,-0.000186759,0,0
290,-78.67696679,-39.41220824,-0.000247292,-0.094674383,-0.00012057,-461.4810194,-0.022303733,-1.874324651,-63.6434336,-6.36E-05,-0.000816901
291,-413.6848045,-512.5177693,-3.23E-05,-0.000221658,0,-0.003022313,0,0,-0.00223615,0,-3.40E-05
292,-424.4519021,-348.1689679,0,0,0,0,0,0,-0.00013814,0,0
293,-323.7155278,-434.3655641,0,0,0,0,0,0,0,0,0
294,-363.7794497,-341.5719756,0,0,0,0,0,0,-3.37E-05,0,0
295,-345.384017,-569.1304392,0,0,0,0,0,0,-7.85E-05,0,0
296,-333.6914703,-587.62185,-0.000102218,-0.000112532,0,-0.000161745,0,0,-0.000635004,0,-0.000187583
297,-332.054558,-412.7583876,-2.60E-05,-0.000133067,0,-0.000168969,0,0,-0.00063981,0,0
298,-355.9185645,-570.757252,-4.54E-05,-7.60E-05,0,-0.000144738,0,0,-0.000549847,0,-2.38E-05
299,-278.4585562,-420.9760601,0,-1.05E-05,0,0,0,0,-0.000242306,0,0
300,-680.3284029,-103.9430466,0,0,0,-1.38E-05,0,0,-0.000211969,0,-0.000171453
301,-266.5822995,-402.0711978,0,0,0,0,0,0,-0.000125977,0,0
302,-326.9623944,-546.6539188,0,0,0,0,0,0,-0.000162234,0,0
303,-355.0988406,-535.0850453,-2.52E-05,-3.60E-05,0,-1.29E-05,0,0,-0.000169826,0,-1.01E-05
304,-369.1515511,-343.0863514,-0.000240464,-0.000235087,0,-0.000471255,0,0,-0.000828883,0,-8.64E-05
305,-484.3776164,-261.3602549,0,0,0,0,0,0,-0.000177699,0,0
306,-25.46109496,-30.08319018,-0.000163488,-0.000612074,-2.69E-05,-301.1485181,-2.92E-05,-122.5037753,-1.728654082,-5.82E-05,-0.000392497
307,-441.7830817,-392.623613,0,0,0,0,0,0,-5.47E-05,0,0
308,-296.0821661,-409.7289387,-1.23E-05,-0.019966752,-2.36E-05,-7.123981613,0,0,-3.047068756,0,-0.000143472
309,-336.123826,-535.5580019,-2.43E-05,-7.44E-05,0,-5.76E-05,0,0,-0.000176372,0,-2.94E-05
310,-42.06795273,-123.5880672,-0.000128904,-0.004640393,-0.000108678,-341.3711722,-0.000652373,-5.159564844,-0.001774194,-5.38E-05,-38.32557244
311,-336.8957854,-345.0882145,0,-2.29E-05,0,0,0,0,-0.000153121,0,0
312,-400.9478132,-446.9216027,0,-1.15E-05,0,0,0,0,-0.000136829,0,0
313,-395.1130649,-440.4629222,0,0,0,0,0,0,-8.28E-05,0,0
314,-152.0747804,-224.4329644,-1.03E-05,-0.147084966,0,-470.0407489,0,0,-77.14121702,-1.33E-05,-4.68E-05
315,-609.7313051,-272.5676475,-1.05E-05,-1.13E-05,0,0,0,0,-0.000113085,0,-1.10E-05
316,-437.3379689,-473.6016979,0,-1.05E-05,0,-4.08E-05,0,0,-0.000288643,0,0
317,-315.6836933,-358.3543666,-1.17E-05,-0.000374031,-2.80E-05,-21.66826769,-1.16E-05,0,-9.261890113,0,-2.53E-05
318,-375.3418272,-338.889386,-0.000210928,-0.070295732,-0.000140409,-92.13739839,-0.000250939,0,-6.009767137,-5.38E-05,-0.000106142
319,-156.6413325,-122.2986287,-9.73E-05,-0.099040143,-8.82E-05,-390.4361314,-1.27E-05,-134.4012223,-43.7103725,-8.61E-05,-0.000336899
320,-229.9062594,-66.38585052,-6.11E-05,-0.031719668,-6.28E-05,-200.6029752,-3.90E-05,0,-0.0014354,-5.16E-05,-0.000628441
321,-336.7950875,-348.3774143,-1.03E-05,-0.000226729,-3.67E-05,-0.005055841,0,0,-0.002938674,0,-8.24E-05
322,-336.4500478,-474.7986481,0,0,0,0,0,0,-0.00010369,0,0
323,-366.2866211,-529.9569485,-2.18E-05,-4.64E-05,0,-6.66E-05,0,0,-0.000417514,0,0
324,-329.3173319,-390.0431494,0,0,0,0,0,0,-2.32E-05,0,0
325,-21.04465757,-0.778596106,-0.000485723,-0.10953806,-0.000177365,-330.2646064,-3.25E-05,-41.15312832,-54.37192517,-0.00017826,-0.000649818
326,-283.3527637,-158.4540422,-0.000401699,-0.044557663,-8.57E-05,-216.6397135,0,-0.483651849,-6.724268614,-8.71E-05,-0.000733648
327,-277.2645774,-281.12012,-0.000116514,-0.067709677,-3.82E-05,-48.61760726,-2.98E-05,-65.11285055,-20.76766207,0,-0.000255607
328,-363.9613782,-406.891875,0,0,0,0,0,0,-4.22E-05,0,0
329,-73.19502401,-36.03522996,-0.000469668,-0.348915806,-0.000130756,-327.9798535,-0.000127486,-17.29457498,-15.75438392,-0.000147813,-0.000727623
330,-326.6708104,-308.5500003,-9.80E-05,-0.000952819,0,-82.95068065,-1.48E-05,0,-0.002294103,0,-0.000219395
331,-402.9760891,-493.2139924,-5.73E-05,-0.000121691,0,-0.002754086,0,0,-0.00176982,0,-4.31E-05
332,-628.9811455,-135.4263536,0,0,0,0,0,0,-4.80E-05,0,0
333,-373.8877078,-503.3086478,0,0,0,0,0,0,-0.000107052,0,0
334,-343.0040235,-507.0399285,0,-6.26E-05,0,-0.000130888,0,0,-0.0004421,0,0
335,-220.2716232,-236.7462933,-5.12E-05,-0.023639732,0,-241.4717499,0,-0.055836048,-4.927588618,-5.15E-05,-0.000196338
336,-327.880463,-547.4555498,0,0,0,0,0,0,-0.000136054,0,0
337,-369.7207074,-430.9114084,-4.08E-05,-0.000115713,0,-7.09E-05,-1.03E-05,0,-0.000681521,0,0
338,-357.4024604,-450.8426777,0,-1.31E-05,0,0,0,0,-0.000201284,0,0
339,-281.4417021,-560.5865525,0,0,0,0,0,0,-8.01E-05,0,0
340,-800.1809641,-1.014909521,0,0,0,0,0,0,-1.24E-05,0,0
341,-300.4403381,-507.5363682,0,-2.24E-05,0,-1.13E-05,0,0,-0.000316151,0,0
342,-376.7312144,-438.1311261,0,0,0,0,0,0,-1.12E-05,0,0
343,-371.5374173,-617.6947218,0,0,0,0,0,0,-1.23E-05,0,0
344,-212.3649844,-214.1681537,-1.48E-05,-0.028186757,0,-287.0702898,-2.10E-05,0,-24.16701572,-1.12E-05,-0.000124293
345,-107.0679413,-232.0665036,0,-0.124360973,-0.039215339,-385.1264227,0,-32.29913351,-85.62797495,0,0
346,-270.9849593,-0.778071768,-7.40E-05,-0.000317911,-3.18E-05,-0.002369038,-1.13E-05,0,-0.001820741,-0.000341516,-0.000225847
347,-328.8525223,-345.1243656,0,0,0,0,0,0,0,0,0
348,-360.0150287,-336.8916853,0,-3.33E-05,0,-0.000765934,0,0,-0.000732419,-1.02E-05,0
349,-389.7722956,-548.4484818,0,-1.12E-05,0,0,0,0,-0.000145056,0,0
350,-673.922388,-198.3397291,-2.24E-05,-4.77E-05,0,-6.47E-05,0,0,-0.000189102,0,0
351,-291.516712,-604.9827292,0,-1.05E-05,0,0,0,0,-0.000415039,0,-1.32E-05
352,-337.7400598,-592.1963234,0,0,0,0,0,0,-0.000154199,0,0
353,-28.87431925,-23.41849011,-0.000374875,-0.085125427,-5.21E-05,-363.0825858,-6.26E-05,-65.47310143,-29.44152433,-0.000468281,-0.000651504
354,-230.0013185,-379.5697419,-6.35E-05,-0.084940873,0,-236.2374653,-2.09E-05,-4.815051228,-49.44415416,0,-5.65E-05
355,-356.9337088,-491.0045938,-6.45E-05,-0.000171917,0,-0.000114769,0,0,-0.000655691,0,0
356,-809.4244598,-48.37285343,-2.07E-05,-1.10E-05,0,-1.19E-05,0,0,-8.64E-05,0,-1.28E-05
357,-882.9117021,-0.777741486,-1.17E-05,0,0,-1.70E-05,0,0,-9.66E-05,0,-1.44E-05
358,-410.2663484,-603.337229,0,0,0,0,0,0,-0.000157139,0,0
359,-823.7906196,-27.1503013,0,0,0,0,0,0,-0.000186627,0,-1.02E-05
360,-423.273835,-530.3393933,0,0,0,0,0,0,-0.000175392,0,0
361,-85.40769781,-0.000123424,-4.98E-05,-0.053305646,-0.009911688,-23.00106045,-3.09E-05,0,-9.700435205,0,-0.000306328
362,-380.3808688,-439.6180926,0,0,0,0,0,0,-0.000223253,0,0
363,-295.1217799,-578.8616865,0,-0.000194778,0,-1.356401081,0,0,-0.405790599,0,-1.01E-05
364,-347.4450954,-384.7536876,-8.90E-05,-0.000187462,-2.76E-05,-8.986708969,0,0,-2.160850286,0,-4.72E-05
365,-343.3574833,-0.000212078,-5.67E-05,-0.000220314,-1.22E-05,-124.5929478,-2.67E-05,-8.922251926,-2.083250613,-0.000110984,-0.000312116
366,-85.03599284,-74.40544503,-1.09E-05,-0.000219603,0,-213.3572662,0,-1.301025975,-0.001184824,-7.90E-05,-4.37E-05
367,-380.6713274,-469.1534145,0,0,0,0,0,0,-4.08E-05,0,0
368,-234.8265627,-340.3117098,-7.36E-05,-0.036563536,-5.71E-05,-38.75536939,-1.45E-05,-50.10612282,-16.55221599,0,-1.66E-05
369,-360.2246563,-427.0569838,-1.12E-05,0,0,0,0,0,-0.000230082,0,0
370,-261.5196474,-342.5597687,-0.000105769,-0.103514823,-3.81E-05,-126.7154702,0,-21.28974504,-28.11516327,-5.46E-05,-0.000163449
371,-40.2087034,-84.06636457,-0.000149359,-2.183134202,-0.000261257,-451.8392729,-3.327785409,-28.01459291,-94.63450615,-3.54E-05,-3.192259045
372,-132.3273697,-8.33E-05,-1.15E-05,-0.018188471,0,-196.8233155,-2.30E-05,0,-23.94046369,-2.23E-05,-4.40E-05
373,-260.7018993,-229.4089666,-0.000108011,-0.000137257,-9.06E-05,-109.9734791,-7.38E-05,-0.000296799,-13.38653244,-1.07E-05,-0.000381945
374,-312.8169491,-239.2192135,-0.000117513,-0.000240924,-2.51E-05,-0.462386579,-7.57E-05,0,-0.001276153,-9.13E-05,-0.000307482
375,-684.4897207,-186.9565114,-1.18E-05,-2.09E-05,0,0,0,0,-8.58E-05,0,0
376,-340.6404193,-467.4778695,0,0,0,-4.32E-05,0,0,-0.000222521,0,0
377,-443.9325157,-437.412521,-7.65E-05,-0.000389477,-2.52E-05,-134.86516,-2.95E-05,0,-0.422073457,-2.41E-05,-0.000205336
378,-668.0898907,-96.58419809,-3.25E-05,-2.66E-05,0,-0.000124096,0,0,-0.000181016,0,-0.000213006
379,-313.1107688,-468.8118027,0,0,0,0,0,0,-2.29E-05,0,0
380,-116.8910306,-0.000208748,-3.65E-05,-0.025788465,0,-135.4410058,-2.47E-05,0,-22.4453794,-1.44E-05,-0.000109397
381,-659.3879476,-6.126672423,-1.10E-05,0,0,0,0,0,-0.000293369,0,0
382,-313.2176802,-356.0344295,-3.33E-05,-0.000110441,-1.03E-05,-79.42294418,0,-24.54154732,-0.000894653,0,-8.30E-05
383,-372.3906192,-462.7333581,0,-3.81E-05,0,-4.08E-05,0,0,-0.000574803,-1.16E-05,0
384,-325.9769167,-449.9532766,0,0,0,0,0,0,-4.97E-05,0,0
385,-701.3656989,-46.14997973,0,0,0,0,0,0,-5.01E-05,0,-1.10E-05
386,-930.1668784,-3.721185268,-2.27E-05,-1.43E-05,0,-3.32E-05,0,0,-0.000287161,0,-2.82E-05
387,-278.9380897,-517.201784,0,-1.27E-05,0,0,-1.02E-05,0,-0.00020107,0,0
388,-309.4382702,-389.0498307,0,0,0,0,0,0,-3.63E-05,0,0
389,-60.15588007,-31.91195225,0,-6.46E-05,0,-253.2156622,-1.35E-05,-34.45201082,-0.0010178,-4.60E-05,-3.97E-05
390,-360.1358827,-453.0431881,-0.000100508,-9.17E-05,0,-125.8637605,0,0,-0.000548769,0,-0.000102305
391,-352.7970431,-459.6266066,-1.02E-05,-0.000118857,0,-45.7364653,0,0,-0.001631202,0,-3.10E-05
392,-348.505986,-355.4034676,0,0,0,0,0,0,-6.80E-05,0,0
393,-353.5337682,-607.4095064,0,0,0,0,0,0,-0.000159739,0,0
394,-365.6683974,-342.3483707,-0.000195784,-0.000384174,-2.33E-05,-21.29227089,-5.01E-05,-83.17011089,-0.002281883,-4.00E-05,-0.00021673
395,-692.8954694,-5.148771596,0,0,0,0,0,0,-4.63E-05,0,0
396,-385.500194,-553.514264,0,0,0,0,0,0,-8.42E-05,0,0
397,-319.4256159,-439.2465915,0,0,0,0,0,0,-0.000161061,0,0
398,-356.1194755,-535.7044493,0,0,0,0,0,0,-0.000166384,0,0
399,-357.1162192,-398.8427901,-1.35E-05,-2.19E-05,0,0,0,0,-6.80E-05,0,0
400,-525.2508819,-19.65809561,-0.000264323,-0.000265566,0,-89.00615815,0,0,-0.000840938,-1.22E-05,-0.000441003
401,-166.0081602,-372.3261162,-8.42E-05,-0.001109539,-2.90E-05,-183.2140377,-2.76E-05,-9.85098618,-10.70904629,-0.000114086,-0.000325892
402,-219.9272819,-82.68915452,-3.20E-05,-0.000507177,-3.43E-05,-93.90093419,0,0,-3.934642018,0,-0.00019951
403,-322.3046473,-601.8370352,0,0,0,0,0,0,-8.94E-05,0,0
404,-302.3961614,-589.0019728,0,0,0,0,0,0,-0.000116574,0,0
405,-400.8458667,-414.3080766,0,-4.67E-05,0,-0.000138528,0,0,-0.000546897,0,0
406,-185.9326427,-73.1247709,-0.00016715,-0.082619561,-3.92E-05,-361.3264501,-4.79E-05,0,-47.09601661,-5.34E-05,-0.000260056
407,-435.0633411,-353.1660678,0,0,0,0,0,0,-2.56E-05,0,0
408,-351.798073,-613.1762111,0,-1.13E-05,0,0,0,0,-0.00018246,0,0
409,-389.8466914,-592.3296676,0,0,0,0,0,0,-0.000211664,0,0
410,-340.6764377,-271.8971127,-5.20E-05,-0.000375927,0,-141.2509129,-0.008517324,0,-18.89818214,0,-8.16E-05
411,-385.5147009,-433.5392753,0,0,0,0,0,0,-0.000109562,0,0
412,-20.24845165,-0.000278618,-5.86E-05,-0.000346963,-2.96E-05,-168.2811732,-0.000130822,-10.87599954,-0.002458571,0,-9.76E-05
413,-316.5485627,-380.2795297,0,0,0,0,0,0,-3.75E-05,0,0
414,-303.4674107,-557.0409659,0,0,0,0,0,0,-3.42E-05,0,0
415,-412.8987449,-589.424235,-0.000202361,-0.02458259,-2.36E-05,-4.33190459,-4.39E-05,0,-1.859070059,0,-0.000106362
416,-331.2051052,-491.0358292,-1.07E-05,-6.08E-05,0,-0.000136292,-1.03E-05,0,-0.000423611,0,-0.000100129
417,-294.2501764,-418.7528914,-0.000272632,-0.000429308,-6.04E-05,-69.2335874,0,0,-0.003436732,-9.26E-05,-0.000118274
418,-166.5152698,-69.23359003,-0.000258934,-0.000665584,-2.36E-05,-291.9269841,-1.40E-05,-10.21602601,-0.002025341,-0.000107987,-0.000534283
419,-193.3098237,-45.08964886,-0.00018591,-0.089376473,-1.17E-05,-436.455878,-0.00010978,-35.0238125,-37.43120174,-0.000117676,-0.000660297
420,-354.0721127,-434.1997392,-4.65E-05,-0.000182916,0,-0.001716187,0,0,-0.001431446,-1.10E-05,-1.25E-05
421,-232.1347426,-288.0564259,-9.31E-05,-0.07053992,-2.73E-05,-125.7642373,0,0,-15.0559221,-0.000144317,-0.000196414
422,-373.610751,-511.5400155,0,0,0,0,0,0,-1.05E-05,0,0
423,-328.5606287,-419.9527649,0,0,0,0,0,0,-0.000134591,0,0
424,-354.837112,-553.0623784,0,0,0,0,0,0,-0.000159257,0,0
425,-649.2085058,-205.3271011,-1.01E-05,0,0,-2.13E-05,0,0,-0.000263219,0,0
426,-184.7281006,-203.3860968,-0.000175606,-0.053808979,-2.40E-05,-300.9840337,-3.30E-05,-67.35240113,-2.167127914,-7.69E-05,-0.000429114
427,-781.8222774,-161.4320098,0,0,0,-1.870312526,0,0,-0.000273629,0,0
428,-55.43531188,-39.42472257,-0.000168918,-0.000685865,-4.27E-05,-363.645547,-2.51E-05,-61.71629987,-0.002038393,-0.0001521,-0.000713978
429,-326.8664044,-542.5740835,0,0,0,0,0,0,-4.78E-05,0,0
430,-373.1897918,-369.3697843,0,0,0,0,0,0,-4.53E-05,0,0
431,-450.8850247,-537.5290797,0,0,0,-6.52E-05,0,0,-0.000250916,0,0
432,-303.2898921,-371.0055527,-6.87E-05,-0.000658458,-0.000213962,-0.001057381,-0.000669585,0,-0.002051841,0,-9.00E-05
433,-288.113606,-304.1182218,-1.31E-05,-0.068338054,-1.75E-05,-60.09375913,-2.94E-05,-11.037289,-18.83115816,-6.18E-05,-0.000161314
434,-452.4344512,-571.5058756,0,0,0,0,0,0,-0.000128214,0,0
435,-387.3946345,-582.9013538,0,-6.31E-05,-1.37E-05,-0.000846007,0,0,-0.000817715,0,0
436,-840.8220525,-160.8072501,-1.09E-05,0,0,0,0,0,-3.93E-05,0,0
437,-705.0142363,-67.98781631,0,0,0,0,0,0,-3.01E-05,0,0
438,-418.3682967,-541.8586155,-1.01E-05,-0.00108815,-1.17E-05,-0.017824554,0,-16.13376522,-0.00124245,0,-4.26E-05
439,-116.7443233,-30.31893863,-3.62E-05,-0.00041065,0,-352.6783659,-4.25E-05,-64.35558511,-15.02372988,-6.94E-05,-0.000289316
440,-369.8571523,-587.0138831,0,0,0,0,0,0,-0.000203614,0,0
441,-425.8224509,-481.3207293,0,0,0,0,0,0,-9.02E-05,0,0
442,-181.0979129,-0.000437006,-0.000494506,-0.002877845,-0.00029584,-98.24333189,-0.000340161,-24.50934756,-0.003217952,0,-0.001113116
443,-396.9858515,-525.323504,0,0,0,0,0,0,-0.000156076,0,0
444,-867.0638905,-50.02929257,-5.28E-05,-4.87E-05,0,-5.47E-05,0,0,-0.000235444,0,-9.13E-05
445,-374.5009707,-460.3567124,-0.000110713,-0.000396019,0,-4.469428834,-4.90E-05,-27.58213991,-1.407001767,-5.22E-05,-5.52E-05
446,-352.3734424,-345.4163073,0,-2.27E-05,0,-2.74E-05,-1.08E-05,0,-0.00049029,0,-1.01E-05
447,-379.5906124,-599.8593232,0,0,0,0,0,0,-7.64E-05,0,0
448,-369.3225168,-37.46492422,-0.000224646,-0.000242788,0,-9.629595399,0,0,-0.000820201,0,-0.000277515
449,-286.2569958,-567.3610148,0,0,0,0,0,0,-2.53E-05,0,0
450,-248.9083129,-264.8490234,-7.14E-05,-0.080911399,-1.706053297,-213.6613755,-2.078100188,0,-43.0665359,0,-0.000173516
451,-411.6830968,-351.1340167,0,-2.35E-05,0,0,0,0,-0.000223002,0,0
452,-715.4187474,-15.15366974,0,0,0,0,0,0,-9.39E-05,0,0
453,-427.6091012,-399.0288831,-0.000101346,-5.07E-05,0,-0.000308279,0,0,-0.000450835,0,-0.000197862
454,-82.65061594,-0.000262598,-6.07E-05,-0.082730405,0,-69.73986003,-59.03459845,0,-54.96245103,-1.19E-05,-0.000333628
455,-304.7805892,-0.000223445,-6.00E-05,-0.000241573,-2.92E-05,-0.324230219,-0.000904656,0,-0.003801036,-2.86E-05,-0.000112495
456,-303.2476092,-127.545432,-7.84E-05,-0.000132008,0,-230.6191483,0,-11.97758844,-0.656743705,0,-0.000252242
457,-384.3284254,-366.5107955,0,0,0,0,0,0,0,0,0
458,-385.6695705,-512.3206171,0,0,0,0,0,0,-0.000109319,0,0
459,-403.4556968,-465.798966,0,0,0,0,0,0,-0.000174194,0,0
460,-325.1852581,-364.6608244,-1.02E-05,-1.41E-05,0,-1.19E-05,0,0,-0.000456836,0,0
461,-290.7015954,-477.8881898,0,-5.06E-05,0,-0.000144697,-1.13E-05,0,-0.000511269,0,-5.39E-05
462,-348.7909182,-252.2461864,-0.000107115,-0.000395513,-1.49E-05,-6.963236278,-1.03E-05,-14.96712944,-0.049026664,0,-0.000142033
463,-383.7905168,-586.6800955,-2.12E-05,-9.04E-05,0,-9.81E-05,0,0,-0.00065421,0,-7.43E-05
464,-424.104498,-340.0637979,0,0,0,0,0,0,-0.000127667,0,0
465,-313.8053769,-231.4158461,-0.000260597,-1.03819787,-2.72E-05,-173.4722572,-8.52E-05,-70.91296824,-14.90881593,-8.95E-05,-0.000480711
466,-578.6626916,-363.3632406,0,0,0,0,0,0,-7.86E-05,0,0
467,-317.1446456,-394.3863092,0,-1.08E-05,0,0,0,0,-0.000189152,0,0
468,-222.8210753,-39.77750013,-0.000210323,-0.014315288,-1.23E-05,-161.3088397,-0.000136828,-1.00E-05,-8.224047847,0,-0.000793736
469,-283.2701324,-453.3813244,0,-0.029586383,0,-6.509601309,0,0,-2.790902231,0,-6.58E-05
470,-322.3782284,-45.19846244,-1.11E-05,-0.000179298,0,-0.000163092,0,0,-0.000740127,0,-2.68E-05
471,-408.3813354,-556.5799418,0,-1.06E-05,0,-1.01E-05,0,0,-0.000458963,0,0
472,-368.41571,-454.7015246,-5.91E-05,-0.000118642,-4.69E-05,-0.001368995,0,0,-0.001434065,-2.67E-05,0
473,-602.6399112,-203.4057646,-0.000110323,-7.49E-05,0,-6.33E-05,0,0,-0.000224037,0,-1.35E-05
474,-363.7277594,-452.7241893,0,0,0,0,0,0,-5.69E-05,0,0
475,-417.6342946,-382.6279047,-4.58E-05,-0.000143427,0,-0.000170316,0,-10.14890598,-0.000635459,-7.11E-05,-1.39E-05
476,-391.7240241,-458.6504693,-2.24E-05,-5.83E-05,0,-2.50E-05,0,0,-0.000514834,0,-3.67E-05
477,-374.7850795,-446.3290123,-1.17E-05,-5.47E-05,0,-7.23E-05,0,0,-0.000523204,0,0
478,-407.4846304,-342.1869689,0,0,0,0,0,0,-9.44E-05,0,0
479,-770.4808864,-6.893880182,-2.43E-05,-2.11E-05,0,-1.05E-05,0,0,-0.000165351,0,0
480,-363.8718978,-373.0939784,0,0,0,0,0,0,-0.000102177,0,0
481,-823.6303502,-21.81099296,0,0,0,0,0,0,0,0,0
482,-322.8225044,-421.7575206,-1.01E-05,-0.00014034,0,-0.000156009,0,0,-0.000771109,0,0
483,-352.0199891,-365.1380808,-4.67E-05,-0.000353934,-1.42E-05,-0.048671534,0,0,-0.021541495,0,0
484,-376.5596414,-292.0469996,-2.29E-05,-0.097108233,-1.05E-05,-305.4660633,-2.55E-05,-2.418329156,-17.5809682,0,-0.000210891
485,-428.5388356,-401.5983287,0,-1.04E-05,0,0,0,0,-0.000415583,0,0
486,-66.38489842,-0.000123087,-1.23E-05,-0.000125091,0,-0.328797541,-2.67E-05,0,-0.003126053,-6.58E-05,-0.000105039
487,-205.9320552,-556.8440062,-5.51E-05,-0.099915704,-0.000144026,-132.4742248,-0.000163736,0,-56.55091108,-2.21E-05,-0.000139042
488,-298.3925635,-357.6744911,0,0,0,0,0,0,-6.92E-05,0,0
489,-336.0039381,-426.7082377,-1.12E-05,-0.000163935,0,-0.000134774,0,0,-0.00082253,0,-1.14E-05
490,-906.3034465,-0.000171596,-1.17E-05,-2.29E-05,0,-4.11E-05,0,0,-0.000441389,0,-2.53E-05
491,-358.8711532,-498.6486593,-0.000185103,-0.000277849,0,-2.126363697,0,-26.51490993,-0.000764545,0,-0.000281322
492,-94.57188964,-7.98E-05,0,-0.061900691,0,-133.9896118,0,0,-12.83241706,0,-4.40E-05
493,-383.663549,-512.0993371,-1.28E-05,-9.86E-05,0,-7.06E-05,0,0,-0.000489443,0,0
494,-26.94201745,-0.777686031,-0.00020653,-0.145482054,-1.39E-05,-612.1021718,-1.25E-05,-167.5609698,-107.8706718,-1.71E-05,-0.000445675
495,-333.2923779,-466.9082417,0,0,0,0,0,0,-2.68E-05,0,0
496,-386.7402116,-491.9895886,0,0,0,0,0,0,-0.000149594,0,0
497,-392.7297558,-433.1148363,0,0,0,0,0,0,-6.28E-05,0,0
498,-284.0643398,-457.914849,0,0,0,0,0,0,-0.000120952,0,0
499,-315.2967926,-577.9834469,0,0,0,0,0,0,-2.99E-05,0,0
500,-163.398932,-74.84372826,-0.000590041,-0.168540521,-0.000369602,-463.6217661,-0.000116717,-6.070567444,-36.38188556,-0.000140812,-76.49708834
501,-370.5620603,-559.8164971,-1.04E-05,-4.22E-05,0,0,0,0,-0.000483795,0,-2.71E-05
502,-311.8578721,-546.4426174,-1.00E-05,-1.05E-05,0,0,0,0,-0.000184852,0,0
503,-155.8643785,-44.69080528,-8.24E-05,-0.000609021,-3.41E-05,-328.8963562,-2.72E-05,-47.04186035,-3.12980737,-9.97E-05,-0.000650302
504,-327.640458,-585.012693,0,0,0,0,0,0,-0.00012048,0,0
505,-402.6089104,-392.1169239,0,0,0,0,0,0,-0.000129688,0,0
506,-334.2944652,-611.889156,0,0,0,0,0,0,-8.83E-05,0,0
507,-135.2655213,-8.90E-05,-0.000264204,-0.000739671,-2.29E-05,-9.728688391,-5.05E-05,0,-3.446042544,-0.000264617,-0.000685191
508,-643.9794395,-154.4359064,-5.66E-05,-6.73E-05,0,-0.00024981,0,0,-0.000261571,0,-0.000144899
509,-334.2788728,-362.4339041,0,0,0,0,0,0,-2.25E-05,0,0
510,-322.0287079,-341.6428238,0,0,0,0,0,0,-3.68E-05,0,0
511,-185.3390941,-46.03682543,-1.15E-05,-0.055279021,0,-229.980021,0,0,-12.42944752,0,-4.82E-05
512,-312.6037941,-337.7644474,0,0,0,0,0,0,-0.000151529,0,0
513,-345.6404423,-573.7891822,0,-5.87E-05,0,0,0,0,-0.000414364,0,0
514,-427.8610842,-578.7957962,-7.34E-05,-0.000218513,0,-0.431892902,-3.39E-05,0,-0.001263692,0,-0.000202812
515,-587.5914403,-377.0815267,0,-2.43E-05,0,-4.82E-05,0,0,-0.000346349,0,-8.23E-05
516,-340.8501361,-494.8772351,0,0,0,0,0,0,-0.000124452,0,0
517,-273.8962776,-428.4823427,0,0,0,0,0,0,-0.000141759,0,0
518,-307.3800734,-427.1446858,0,-1.03E-05,0,0,0,0,-0.000213959,0,0
519,-349.2364144,-516.9057032,-2.24E-05,-9.78E-05,0,-5.73E-05,0,0,-0.000483107,0,-6.93E-05
520,-285.0316628,-304.8280536,-3.29E-05,-0.02826267,0,-120.8717719,-1.13E-05,-14.65604335,-19.86255538,-7.01E-05,-0.000122491
521,-387.7568552,-454.0645241,0,0,0,0,0,0,-0.000125124,0,0
522,-375.8927581,-588.3167914,-2.87E-05,-0.000192819,-1.25E-05,-4.528575339,0,-1.055937007,-1.545892314,0,-0.000177073
523,-303.3370326,-438.5100035,0,-1.02E-05,0,0,0,0,-0.000356287,0,0
524,-722.0341088,-7.86E-05,0,0,0,0,0,0,-2.37E-05,0,0
525,-338.6085704,-538.1356664,0,0,0,0,0,0,-6.80E-05,0,0
526,-737.7134629,-187.5968316,-0.000107188,-8.25E-05,0,-0.000191332,0,0,-0.000147259,0,-9.29E-05
527,-335.6952462,-284.1345697,0,-0.087571832,0,-76.81887029,-1.20E-05,-17.58863147,-10.74508154,0,-5.39E-05
528,-430.1957081,-368.3391791,0,-2.37E-05,0,-5.71E-05,0,0,-0.000396027,0,0
529,-315.9990954,-412.3066073,0,0,0,0,0,0,-8.48E-05,0,0
530,-454.2407865,-461.8940267,-1.22E-05,0,0,0,0,0,-8.25E-05,0,0
531,-364.7370838,-276.284665,-3.32E-05,-0.000121192,-9.33E-05,-95.51118818,0,-58.61875123,-0.000921562,0,-0.000250922
532,-402.3888418,-318.0289579,-6.77E-05,-0.000277212,-1.12E-05,-0.00036389,0,-74.4757108,-0.000797405,0,-0.000659117
533,-381.9554206,-549.092892,0,0,0,0,0,0,-5.26E-05,0,0
534,-350.68674,-438.5877137,0,0,0,0,0,0,-0.000112297,0,0
535,-786.3011028,-6.062117159,0,0,0,0,0,0,-5.89E-05,0,0
536,-29.56262792,-67.13815843,-0.000220854,-15.6915878,-0.000194645,-432.4613373,-5.23E-05,-16.37520994,-104.1183749,-5.73E-05,-0.000343726
537,-381.7589324,-473.5122661,0,0,0,0,0,0,-0.000151792,0,0
538,-207.9301331,-146.723429,-4.30E-05,-0.073496986,0,-282.9234245,0,-112.9393326,-31.89452243,0,-0.000318776
539,-317.3206857,-379.8653246,0,0,0,0,0,0,-0.000285469,0,0
540,-354.4416,-586.9013405,-1.13E-05,-3.31E-05,0,-0.001571649,0,0,-0.000306444,0,-1.04E-05
541,-327.7519877,-514.2790923,-2.17E-05,-9.56E-05,0,-0.000128341,0,0,-0.000406211,0,-0.000111476
542,-363.1073967,-568.8656674,-3.76E-05,-0.080453357,0,-50.7301004,-0.012292109,0,-20.96437729,0,-2.54E-05
543,-352.3723553,-512.0030641,0,0,0,0,0,0,-0.000194388,0,0
544,-503.8384814,-451.0563782,0,0,0,-15.27692357,0,0,-8.70E-05,0,-1.02E-05
545,-218.9874407,-407.3653355,0,-0.104142221,0,-139.2075502,-2.09E-05,-1.29E-05,-33.46661053,0,-8.74E-05
546,-320.6275997,-601.1003325,0,-6.74E-05,0,-5.47E-05,0,0,-0.000638349,0,-2.43E-05
547,-296.5694653,-395.2502007,0,-1.09E-05,0,0,0,0,-0.000275882,0,0
548,-443.8934237,-250.7094508,-0.000148937,-0.000301582,-0.000162436,-90.16894188,-1.00E-05,0,-0.002097381,0,-0.000428618
549,-282.6314873,-299.1021795,0,-0.060706289,-1.19E-05,-117.9889538,0,-83.70074555,-6.456603417,0,0
550,-381.7865291,-494.7234938,-1.02E-05,-1.03E-05,0,0,0,0,-0.000309501,0,0
551,-364.7106577,-509.9032706,0,0,0,0,0,0,-0.000127003,0,0
552,-376.4692512,-481.5225742,0,0,0,0,0,0,-3.69E-05,0,0
553,-370.6291272,-471.3730331,-1.05E-05,-0.000169415,0,-0.000296038,0,0,-0.00079426,0,-4.60E-05
554,-291.0005063,-375.7102468,-1.16E-05,-0.000120455,0,-0.000321546,-0.000109569,0,-0.000824772,0,-2.58E-05
555,-292.2018787,-493.1355995,0,0,0,-1.01E-05,0,0,-0.000294983,0,-2.05E-05
556,-303.105421,-302.4901837,-0.000204503,-0.018569992,0,-269.9577361,-5.72E-05,-15.24813125,-11.07943181,0,-0.00041487
557,-315.9693657,-428.9374864,0,-2.41E-05,0,-9.91E-05,0,0,-0.000352581,0,0
558,-312.1287965,-467.1965347,0,0,0,0,0,0,-9.53E-05,0,0
559,-334.4746451,-447.2384427,-0.00021085,-0.000338356,-0.000119415,-0.000319375,-1.01E-05,0,-0.000930988,0,-4.44E-05
560,-346.6454493,-601.2775167,0,0,0,0,0,0,-4.21E-05,0,0
561,-314.1104355,-364.3151856,-1.05E-05,-2.57E-05,0,0,0,0,-0.000404117,0,0
562,-330.8691467,-472.9612006,-2.60E-05,-7.07E-05,0,0,0,0,-0.000300564,0,0
563,-340.6422033,-535.3462355,0,0,0,0,0,0,-9.87E-05,0,0
564,-285.1829948,-518.8221826,0,0,0,0,0,0,-3.66E-05,0,0
565,-112.259504,-15.23802868,-7.70E-05,-0.065701642,-7.03E-05,-64.46742258,-2.36E-05,-12.08653453,-12.69317459,0,-7.81E-05
566,-368.6458681,-362.0491692,0,-1.18E-05,0,0,0,0,-0.000328469,0,0
567,-392.8578845,-413.755506,0,0,0,0,0,0,-0.000258933,0,0
568,-287.3674369,-500.1386967,0,0,0,0,0,0,-0.000138015,0,0
569,-84.20776574,-0.000365995,-0.000174806,-0.070432676,0,-259.2578707,-5.56E-05,-13.7073875,-16.38204816,-0.000240467,-0.000597152
570,-431.7171824,-431.5479549,-7.09E-05,-0.000200482,-1.09E-05,-0.001787564,-4.69E-05,0,-0.00158248,0,-0.000198396
571,-11.06325987,0,0,-0.022680089,0,-108.3874205,-1.31E-05,0,-10.029543,-2.42E-05,-1.09E-05
572,-244.193286,-175.0558049,-0.000174038,-0.025273537,-1.00E-05,-175.5871742,-5.65E-05,-43.29788965,-3.828613324,0,-0.000174929
573,-412.1118697,-347.29635,0,0,0,0,0,0,0,0,0
574,-292.0983409,-391.4327228,-6.59E-05,-0.000118128,0,-0.000265316,-2.08E-05,0,-0.000632325,0,-0.000146143
575,-81.55664233,-6.85E-05,-0.000110586,-0.069453163,-2.32E-05,-239.7823535,-1.00E-05,0,-31.72970709,-2.72E-05,-7.17E-05
576,-125.8407614,-7.26826085,-0.000203029,-0.158729114,0,-394.931633,0,-57.36768316,-49.54803518,-2.49E-05,-0.000776201
577,-327.2564335,-400.4451939,0,0,0,0,0,0,-9.86E-05,0,0
578,-178.1447309,-324.3460198,-0.000196564,-0.062006146,-3.19E-05,-93.75557284,-7.36E-05,-0.04930369,-15.22510009,-1.41E-05,-0.000247004
579,-348.2021716,-561.0589689,0,0,0,0,0,0,-0.000109433,0,0
580,-360.9019042,-527.7166899,0,-1.24E-05,0,-1.11E-05,0,0,-0.000153017,0,0
581,-199.0477236,-68.79793919,-1.36E-05,-0.085650615,0,-336.6288158,0,-93.35973969,-11.98257519,0,-0.000123318
582,-365.7369548,-621.195695,0,0,0,0,0,0,-5.72E-05,0,0
583,-340.3832042,-340.8434889,0,0,0,0,0,0,0,0,0
584,-146.4042658,-5.24E-05,-0.000127468,-0.001762671,-2.40E-05,-144.8604606,-7.60E-05,0,-0.001559227,-0.000114433,-0.000344573
585,-359.6643386,-422.2480094,-3.64E-05,-0.000143814,0,-7.04E-05,-2.38E-05,0,-0.000731994,0,0
586,-366.7763231,-405.1052427,0,-1.06E-05,0,0,0,0,-0.000207213,0,0
587,-353.83482,-587.442422,-6.84E-05,-0.000191282,0,-3.50932471,0,0,-0.000871705,0,-0.000100861
588,-372.0682299,-347.2548056,0,0,0,0,0,0,-7.63E-05,0,0
589,-304.6544617,-609.3587179,0,0,0,0,0,0,-5.47E-05,0,0
590,-317.026983,-11.50517791,-3.91E-05,-0.000163812,-1.05E-05,-0.000351591,-1.12E-05,0,-0.001057128,-2.51E-05,-8.79E-05
591,-333.9661084,-511.9888592,-8.70E-05,-0.00020658,0,-0.00065713,0,0,-0.000837737,-0.00021989,-0.000113123
592,-444.2151818,-399.5660102,0,-4.17E-05,0,-0.000136997,0,0,-0.000509462,0,0
593,-204.6603434,-283.9903392,-7.89E-05,-0.07781211,-5.82E-05,-226.5647421,-3.78E-05,-28.82396977,-31.02118123,0,-0.000285537
594,-389.5418174,-495.2879423,0,0,0,0,0,0,-3.35E-05,0,0
595,-718.2311821,-50.02531056,-4.08E-05,-3.99E-05,0,-0.000119939,0,0,-0.000299953,0,-6.22E-05
596,-369.2323384,-621.4907572,0,0,0,0,0,0,-7.77E-05,0,0
597,-292.0634182,-425.1335466,0,0,0,0,0,0,0,0,0
598,-346.3499205,-490.0118825,-0.000155484,-0.018945662,0,-18.92128115,0,-63.91672207,-4.170816119,0,-0.000249204
599,-182.6192867,-404.7739948,0,-0.000269365,-3.15E-05,-160.332253,-13.70947994,-22.38077379,-32.25457474,-4.26E-05,-0.000104853
600,-397.1154377,-243.2029936,-0.000576402,-0.001349556,-2.88E-05,-89.85506811,-7.42E-05,-58.70226677,-1.815997424,-0.000186829,-0.000381017
601,-352.8605046,-445.0790137,0,0,0,0,0,0,-1.09E-05,0,0
602,-204.3090723,-15.80446685,-0.000105222,-0.000954873,-1.32E-05,-84.8815834,-4.34E-05,-23.42503387,-1.805510014,0,-0.000304022
603,-327.8697478,-574.1260011,0,0,0,0,0,0,-8.44E-05,0,0
604,-374.7979793,-492.0626861,0,-7.39E-05,0,-0.000118107,0,0,-0.000551284,0,-1.02E-05
605,-220.8682591,-7.18E-05,-5.22E-05,-0.072098696,0,-51.37964059,-5.60E-05,0,-21.18478797,0,-0.000212442
606,-335.920215,-260.2092269,-0.000286601,-0.000669072,-2.28E-05,-152.6789545,-0.000225269,0,-1.738136544,-2.21E-05,-0.00037108
607,-953.8998509,-34.71284668,-3.47E-05,-1.26E-05,0,-1.433183797,0,0,-0.000193274,0,-9.62E-05
608,-652.5355194,-175.2607632,-1.32E-05,0,0,-3.28E-05,0,0,-0.000164411,0,-2.69E-05
609,-345.5784436,-401.404371,0,0,0,0,0,0,-6.82E-05,0,0
610,-316.3544792,-449.4249735,0,0,0,0,0,0,-0.00016884,0,0
611,-368.6134676,-517.1056895,-4.60E-05,-0.000174889,0,-0.000829131,-6.98E-05,0,-0.001081569,0,-3.22E-05
612,-360.8815129,-342.55036,-1.13E-05,-3.94E-05,0,0,0,0,-0.00044919,0,0
613,-353.2519305,-607.0411067,0,0,0,0,0,0,-5.96E-05,0,0
614,-357.4903048,-384.6533207,0,0,0,-3.78E-05,0,0,-0.000238852,0,0
615,-349.5553855,-350.583996,0,0,0,0,0,0,-0.000326531,0,0
616,-355.0559878,-407.6820134,0,0,0,0,0,0,-2.97E-05,0,0
617,-405.1612767,-373.8761605,0,0,0,0,0,0,0,0,0
618,-423.8673814,-502.5152948,-5.92E-05,-3.59E-05,0,0,0,0,-0.000252899,0,0
619,-259.1017433,-34.22074779,-3.81E-05,-0.000260013,-2.62E-05,-6.925475296,-7.26E-05,0,-0.001454982,-1.04E-05,-0.000123858
620,-185.9446873,-127.2368665,-0.000439848,-0.082357211,-9.20E-05,-322.2401093,-0.000199946,0,-51.6158823,0,-0.00065961
621,-381.5584849,-356.2877443,0,0,0,-3.63E-05,0,0,-0.000235843,0,0
622,-127.5354527,-0.000134075,-4.56E-05,-0.08178329,-3.11E-05,-122.5609092,0,0,-45.70754626,0,-8.59E-05
623,-674.8640774,-216.6167911,-2.12E-05,-3.34E-05,0,-1.18E-05,0,0,-0.000266194,0,0
624,-608.1726778,-165.0958003,0,0,0,0,0,0,-0.000107335,0,-1.13E-05
625,-361.5983519,-374.9747179,0,0,0,0,0,0,-4.19E-05,0,0
626,-455.8049936,-257.9085861,-0.00016838,-0.000211258,0,-0.000374213,0,0,-0.000986007,0,-0.000168789
627,-815.2224543,-5.149300842,-2.41E-05,-3.53E-05,0,0,0,0,-0.00016476,0,0
628,-301.3406461,-385.4078728,0,0,0,0,0,0,-0.000228607,0,0
629,-268.6777218,-468.1367088,0,0,0,0,0,0,-0.000227852,0,0
630,-350.7181746,-588.1143044,0,0,0,-2.87E-05,0,0,-0.00019797,0,0
631,-240.3447081,-135.3148886,-0.00033215,-0.069573402,-4.14E-05,-297.7036211,-8.90E-05,-42.53888551,-50.22305421,0,-0.000701641
632,-287.4166482,-385.9826722,0,0,0,0,0,0,-0.000182888,0,0
633,-390.3270295,-583.7286278,0,-1.16E-05,0,0,0,0,-0.00022552,0,0
634,-339.3802059,-347.916315,0,-0.000126664,-1.25E-05,-0.001408574,0,0,-0.001304793,0,-1.00E-05
635,-324.6390486,-461.8555026,0,0,0,0,0,0,-5.33E-05,0,0
636,-389.0220248,-384.1930693,0,-1.05E-05,0,-0.001271656,0,0,-0.000876499,0,0
637,-397.0790994,-567.6019104,0,-5.90E-05,0,-0.001046847,-2.43E-05,0,-0.000983372,0,-2.29E-05
638,-358.6806444,-376.4187226,0,0,0,0,0,0,0,0,0
639,-403.4723938,-435.9452859,0,-8.11E-05,0,-4.51E-05,0,0,-0.000457783,0,0
640,-83.43101236,-71.61823592,-0.000378171,-0.098933772,-0.000286842,-410.1467716,-6.81E-05,-41.74948324,-51.22548145,-3.23E-05,-0.000540781
641,-301.6073726,-379.3665819,0,0,0,0,0,0,-0.000129428,0,0
642,-416.7530658,-473.2447238,0,-4.18E-05,0,-0.000201735,0,0,-0.000622136,0,0
643,-378.1364628,-353.9888645,-8.72E-05,-0.000168238,0,-0.000742158,0,0,-0.000465938,0,-2.90E-05
644,-358.1567682,-335.7228081,0,0,0,0,0,0,-0.000175709,0,0
645,-394.3853673,-522.1193925,0,-1.20E-05,0,0,0,0,-0.00027892,0,0
646,-334.9237491,-532.4432792,0,0,0,0,0,0,-0.000246769,0,0
647,-326.195451,-300.4988679,-6.61E-05,-9.08E-05,0,-0.429834491,0,0,-0.0006588,0,-6.33E-05
648,-394.9296708,-394.9670635,-2.15E-05,-5.68E-05,0,-0.000312836,-0.000445585,0,-0.00102582,0,-1.30E-05
649,-445.9356622,-451.7182467,-1.11E-05,-7.60E-05,0,-2.64E-05,0,0,-0.000380713,0,0
650,-315.151958,-361.2836003,0,-1.00E-05,0,0,0,0,-0.00024471,0,0
651,-338.3007713,-608.1587685,0,0,0,0,0,0,-6.69E-05,0,0
652,-393.8581015,-378.991632,0,-2.35E-05,0,-8.40E-05,0,0,-0.000434863,0,0
653,-123.5187771,-22.52197077,-0.000450561,-0.030806719,-9.05E-05,-365.6122194,-0.000144459,-7.6439213,-22.28114424,-0.000263741,-0.000626649
654,-373.7568623,-415.7239966,0,0,0,0,0,0,0,0,0
655,-416.8800202,-539.3410388,0,0,0,0,0,0,-8.52E-05,0,0
656,-32.75791907,-0.778433965,-0.000402724,-15.88308954,-3.93E-05,-428.7598898,-2.30E-05,0,-93.24589011,-0.000135455,-0.001010032
657,-372.4933665,-387.8659274,-2.48E-05,-4.60E-05,0,0,0,0,-0.000192831,0,0
658,-433.3764976,-471.8046643,0,0,0,0,0,0,-1.20E-05,0,0
659,-461.5742187,-549.4972277,0,-2.19E-05,0,0,0,0,-0.000354452,0,0
660,-372.3884571,-434.155388,0,-0.140818376,0,-51.44180502,0,-54.7160914,-0.000992904,0,-4.33E-05
661,-313.4348817,-439.4944789,0,-0.000228116,0,-4.158037522,0,0,-0.513657357,0,0
662,-26.47125352,-0.780629347,-0.000146919,-12.86310163,-2.56E-05,-177.0457593,0,0,-79.03535514,0,-0.000208126
663,-312.1399191,-558.6245225,0,0,0,0,0,0,-0.00020877,0,0
664,-263.5339563,-57.14226203,-0.000146645,-0.108767362,-8.55E-05,-255.1789714,-2.19E-05,0,-33.64750017,0,-0.000541733
665,-354.8565255,-388.5103271,-4.44E-05,-0.000109226,0,-117.3037371,0,0,-0.190283443,-2.40E-05,-0.000117256
666,-318.7707972,-342.9242017,-1.31E-05,-0.000145513,0,-0.001149565,0,0,-0.001058398,0,-7.44E-05
667,-235.6048783,-270.2495264,-0.000182355,-0.022226178,-0.000240572,-71.74143638,-0.000202862,-24.45287544,-12.34350276,0,-0.000395049
668,-215.3840803,-24.41989186,-0.000210377,-0.019552831,-0.000132146,-278.5446016,-3.51E-05,-5.492846633,-13.54361312,0,-63.33486515
669,-368.9436723,-562.5012285,-3.34E-05,-0.000223266,-7.47E-05,-0.000476266,-0.000385578,0,-0.001110123,0,-0.000162687
670,-254.8142398,-386.9866084,0,0,0,0,0,0,-0.000126165,0,0
671,-378.8232441,-418.0206365,-4.27E-05,-0.04125166,-9.37E-05,-52.48504547,-1.03E-05,0,-22.41344864,0,-1.25E-05
672,-447.6009818,-458.4947209,-5.42E-05,-0.000183508,0,-0.00036055,0,0,-0.000762476,0,-2.76E-05
673,-391.3568055,-0.001393076,-0.000376261,-0.032018945,-9.86E-05,-398.6614021,-0.000170176,-47.2618006,-17.19124302,-5.33E-05,-0.000421893
674,-128.2053726,-67.54120657,-8.62E-05,-0.041935042,-1.05E-05,-392.3445585,0,0,-62.87768878,0,-0.000128452
675,-309.3527759,-567.8846514,0,0,0,0,0,0,-0.000185341,0,0
676,-363.8288332,-587.1096882,0,0,0,0,0,0,-0.000220974,0,0
677,-291.3391856,-534.2974508,0,-2.53E-05,0,-7.48E-05,0,0,-0.000453509,0,0
678,-61.72212627,-0.000135185,-4.63E-05,-0.000334168,0,-104.7472248,0,0,-5.641581877,-1.32E-05,-8.89E-05
679,-3.588939982,-2.71E-05,-2.13E-05,-0.000114574,-2.87E-05,-27.38612676,0,0,-0.497519715,0,-0.000182914
680,-390.6210367,-561.8958058,0,-9.77E-05,0,-0.000800657,0,0,-0.000866669,0,-3.32E-05
681,-364.9803932,-536.6511011,-1.15E-05,-5.27E-05,0,-0.000239178,0,0,-0.000612722,0,-1.52E-05
682,-22.19531762,-8.07E-05,-4.74E-05,-4.057868722,-2.60E-05,-166.0557433,-2.66E-05,0,-63.76504697,-9.75E-05,-0.000144508
683,-356.9523657,-489.9494682,0,0,0,0,0,0,0,0,0
684,-354.3115026,-412.8556709,0,-3.47E-05,0,-7.18E-05,0,0,-0.000453602,0,0
685,-391.9313946,-528.9423589,-1.18E-05,-7.89E-05,0,-0.000689178,0,0,-0.000615848,-7.68E-05,-2.31E-05
686,-443.1753308,-540.3947853,0,0,0,0,0,0,-0.000182408,0,-1.11E-05
687,-266.9238608,-367.2562505,0,-1.11E-05,0,0,0,0,-0.000244346,0,0
688,-514.1466081,-433.9475904,-3.49E-05,-4.68E-05,0,-4.63E-05,0,0,-0.000242816,0,0
689,-322.4257934,-531.6252128,-4.00E-05,-0.000115913,0,-8.93E-05,0,0,-0.000542141,0,-1.04E-05
690,-456.9905659,-413.2076078,0,0,0,0,0,0,-0.000127676,0,0
691,-295.4257095,-564.8724381,-7.01E-05,-0.000118873,0,-0.000275037,0,-0.583388961,-0.00069944,0,-0.000105874
692,-360.6460336,-46.03683106,-1.06E-05,-0.000100451,0,-0.321697386,0,0,-0.001331112,0,-0.000181953
693,-568.2042331,-392.114402,-1.41E-05,-2.61E-05,0,-1.19E-05,0,0,-2.22E-05,0,0
694,-408.3905964,-507.79163,0,-8.39E-05,0,-0.000311062,-1.24E-05,0,-0.000660708,0,0
695,-411.9824191,-578.6029866,0,0,0,0,0,0,0,0,0
696,-363.2489489,-547.8505196,0,0,0,0,0,0,-0.000152832,0,0
697,-335.6075117,-560.3729094,0,0,0,0,0,0,-7.98E-05,0,0
698,-394.304694,-358.0814603,0,-1.20E-05,0,0,0,0,-0.000276692,0,0
699,-685.9078535,-41.89169224,0,0,0,0,0,0,-4.18E-05,0,0
700,-358.3919992,-600.2425988,0,0,0,0,0,0,-9.37E-05,0,0
701,-337.3261496,-585.4532328,0,0,0,0,0,0,-3.68E-05,0,0
702,-335.6386552,-393.2395902,0,0,0,0,0,0,-0.000183304,0,0
703,-409.5766908,-454.9871945,-1.09E-05,-3.66E-05,0,-1.06E-05,0,0,-0.000531223,0,-1.00E-05
704,-99.02327559,-6.726590656,-0.00016017,-0.088690448,-0.000136093,-418.4658326,-5.33E-05,-35.66831324,-33.20790497,-6.19E-05,-0.000468227
705,-650.1149526,-222.0144189,0,0,0,0,0,0,-8.58E-05,0,0
706,-276.1086967,-365.8757489,-7.58E-05,-0.004078321,0,-33.63605444,-6.74E-05,0,-13.39012141,-1.02E-05,-1.73E-05
707,-550.163994,-24.88604216,-9.03E-05,-8.71E-05,0,-36.11005497,0,0,-0.000736872,0,-0.000661158
708,-379.6094951,-457.8527418,-0.000175017,-0.087200176,-5.47E-05,-121.7128857,-4.45E-05,-0.000160265,-11.30646154,0,-9.86E-05
709,-280.7166272,-459.2679203,-0.000301956,-0.010320085,-4.38E-05,-34.41735164,-9.20E-05,0,-14.08895757,0,-0.000363197
710,-306.2464055,-363.5565685,-1.01E-05,-0.000316786,0,-1.355970416,0,0,-0.579108376,-1.01E-05,-7.70E-05
711,-343.2397087,-340.5387611,0,0,0,0,0,0,-6.76E-05,0,0
712,-871.2457182,-46.94408002,0,0,0,0,0,0,-9.04E-05,0,0
713,-122.1791924,-0.778404194,-3.18E-05,-0.077736041,0,-130.526289,0,0,-22.21119689,0,-0.000197481
714,-331.3809163,-345.0037974,-3.48E-05,-0.001030595,-0.000152296,-296.8228729,-12.80137022,0,-26.06446678,0,-0.000313869
715,-422.8431661,-610.4996322,0,0,0,0,0,0,-7.89E-05,0,0
716,-276.3116589,-591.6316273,-2.04E-05,-0.062820012,-1.46E-05,-45.16959915,-0.009477869,0,-18.51153915,0,-0.000130162
717,-354.7888364,-367.569318,0,0,0,0,0,0,-0.000126906,0,0
718,-366.3746915,-478.6585439,0,0,0,0,0,0,-1.12E-05,0,0
719,-335.8444938,-465.6218086,0,-3.59E-05,0,-3.71E-05,0,0,-0.000298399,0,0
720,-401.0736184,-539.0872136,-0.00018197,-0.000248527,-1.16E-05,-0.001676196,0,0,-0.001351362,0,-6.14E-05
721,-400.2842261,-480.6109007,-0.000239798,-0.000298644,-1.06E-05,-49.19074947,-3.15E-05,-23.28900619,-0.001060189,0,-0.000106585
722,-344.1498732,-570.5416308,0,-1.02E-05,0,0,0,0,-0.000295706,0,0
723,-94.45525951,-0.000251416,-3.39E-05,-0.039684052,0,-62.49293993,-2.26E-05,0,-26.6732394,0,-0.000170585
724,-429.90759,-496.1632727,0,0,0,0,0,0,-0.000182011,0,0
725,-379.5756556,-548.2818559,-6.62E-05,-0.00010932,0,-9.19E-05,0,0,-0.000629865,0,-8.74E-05
726,-709.4846061,-156.1136908,0,0,0,0,0,0,-9.74E-05,0,0
727,-294.36545,-498.4120728,0,0,0,0,0,0,-0.000142183,0,0
728,-336.1433038,-354.2967373,0,0,0,0,0,0,-0.000135187,0,0
729,-378.5070518,-598.6192229,0,-1.10E-05,0,0,0,0,-0.000299801,0,0
730,-391.2519158,-572.8681303,0,-3.61E-05,0,-0.000474955,0,0,-0.000635714,0,-2.04E-05
731,-353.037102,-415.0775896,0,0,0,0,0,0,-0.000187597,0,0
732,-342.2690048,-511.6989985,0,0,0,0,0,0,-7.40E-05,0,0
733,-298.7792038,-489.4807263,0,0,0,0,0,0,-0.000108304,0,0
734,-79.52376774,-0.000216485,-5.11E-05,-0.071888231,-2.26E-05,-148.0462911,0,0,-29.73471523,-0.000150917,-0.000184304
735,-99.87252162,-112.9690105,-0.000171811,-0.116202498,-5.60E-05,-286.8623795,-4.47E-05,-260.4729593,-65.93632576,-1.05E-05,-0.00037765
736,-107.1214685,-16.85193951,-0.000836465,-0.048906191,-0.000777664,-342.3060895,-0.000228909,-34.44026627,-35.25783574,-0.000168665,-48.92856332
737,-329.6940068,-492.2678491,0,-0.022957786,0,-21.87115913,0,-24.80611749,-9.338857632,0,0
738,-367.9964029,-512.0340687,0,-0.000162927,0,-0.000947167,0,0,-0.001108892,0,0
739,-354.5057507,-383.5630795,0,0,0,0,0,0,-3.85E-05,0,0
740,-362.5104645,-429.9809572,0,0,0,0,0,0,-7.76E-05,0,0
741,-368.6544497,-559.1843959,0,0,0,0,0,0,-1.10E-05,0,0
742,-137.2452535,-279.1252044,-0.00022835,-1.080700068,-5.01E-05,-193.6790914,-6.47E-05,-23.18431783,-44.76235854,-0.00037117,-0.000509479
743,-250.1222726,-314.4744881,-7.31E-05,-0.703056818,0,-138.8441546,0,0,-0.001500459,0,-8.19E-05
744,-938.9378495,-11.62278997,-2.27E-05,-2.19E-05,0,-2.39E-05,0,0,-0.000173654,0,-1.12E-05
745,-315.6973275,-533.6505017,0,0,0,0,0,0,-6.87E-05,0,0
746,-357.6078603,-515.2012181,0,0,0,0,0,0,-0.000103967,0,0
747,-376.9881115,-557.7034702,0,-2.23E-05,-1.02E-05,0,0,0,-0.000491594,0,-0.000120288
748,-354.8352372,-538.1693564,0,0,0,0,0,0,-0.000102668,0,0
749,-584.1923548,-147.8916062,0,0,0,0,0,0,-1.02E-05,0,0
750,-88.39937565,-0.000300112,-0.000340767,-0.010716596,-3.51E-05,-351.2350789,-3.76E-05,-4.138307917,-13.36193233,-6.47E-05,-0.00087234
751,-328.2015803,-339.7594549,0,-4.57E-05,0,-0.000187152,-1.19E-05,0,-0.000480834,0,0
752,-139.3707825,-0.000233688,-0.000134747,-0.030477135,-0.000130065,-127.1305073,-8.95E-05,0,-40.95336173,0,-0.000306171
753,-99.69436373,-5.78E-05,-0.000107436,-0.000235333,-2.35E-05,-19.09868797,-1.13E-05,0,-0.007013695,-6.60E-05,-9.46E-05
754,-92.0293998,-75.66300805,-0.00031058,-0.036184483,-0.000104802,-449.5225723,-0.000484912,-47.76162144,-25.1806764,-0.000364823,-0.000790028
755,-760.787804,-5.148556068,0,0,0,0,0,0,-1.48E-05,0,0
756,-318.2835329,-494.3324982,0,0,0,0,0,0,-0.000151102,0,0
757,-326.2156787,-590.4977362,0,0,0,0,0,0,-7.46E-05,0,0
758,-145.5414199,-0.000853681,-0.000229741,-0.035780315,-1.07E-05,-36.29281704,-2.51E-05,0,-14.78045467,-8.16E-05,-0.000227386
759,-289.9710625,-380.5710833,0,0,0,0,0,0,-0.000124184,0,0
760,-39.67277336,-0.000458421,-0.000380325,-0.000631328,-2.16E-05,-88.02861947,-0.000103197,0,-0.612555637,-5.25E-05,-0.000364578
761,-560.1265708,-446.4373907,0,0,0,0,0,0,-1.33E-05,0,0
762,-422.2298482,-546.9642893,-8.37E-05,-0.00022375,0,-0.210908441,0,0,-0.002613636,0,-6.68E-05
763,-346.7565455,-526.5667606,0,0,0,0,0,0,-0.000206637,0,0
764,-209.7221088,-368.7427559,-1.00E-05,-0.083768091,-0.000104798,-96.00622349,-0.009732,0,-39.53559355,-1.45E-05,0
765,-431.1177148,-453.582783,0,0,0,0,0,0,-8.88E-05,0,0
766,-769.2440526,-14.79493994,-1.31E-05,-2.26E-05,0,0,0,0,-0.000169687,0,0
767,-348.0330979,-481.4039519,-2.08E-05,-4.74E-05,-1.12E-05,-3.770778219,0,0,-0.000531829,0,-3.40E-05
768,-342.7181795,-345.6753233,0,-1.05E-05,0,0,0,0,-0.000220106,0,0
769,-260.0826531,-260.7753917,-0.001022345,-1.199484185,-0.000375311,-276.1288072,-7.93E-05,-31.2822349,-23.80680012,-0.000122364,-30.31169146
770,-381.0532671,-611.5076444,-1.37E-05,-6.53E-05,0,0,0,0,-0.000306593,0,-1.00E-05
771,-389.9184697,-449.6760587,0,0,0,-1.42E-05,0,0,-0.000281216,0,0
772,-355.7722722,-386.3895646,0,-4.79E-05,0,-6.62E-05,0,0,-0.000278157,0,0
773,-779.2966441,-1.969849094,0,0,0,0,0,0,0,0,0
774,-318.7653596,-478.8143246,0,0,0,0,0,0,-8.16E-05,0,0
775,-204.721837,-319.3492512,-9.19E-05,-0.087307155,0,-45.60024425,0,-16.75195102,-9.518515144,-2.47E-05,-1.20E-05
776,-312.6538475,-532.6662385,0,-2.61E-05,0,0,0,0,-0.000331963,0,0
777,-305.2196766,-495.5378851,0,0,0,0,0,0,0,0,0
778,-345.1655076,-427.4961816,0,0,0,0,0,0,-5.31E-05,0,0
779,-365.8645215,-450.4419149,-0.000216878,-0.000290226,-2.69E-05,-0.006558173,-7.48E-05,-64.18854094,-0.001891326,-2.38E-05,-0.000175573
780,-322.7087534,-354.2323964,0,0,0,0,0,0,-4.75E-05,0,0
781,-649.7210964,-5.148675622,0,0,0,0,0,0,0,0,-1.08E-05
782,-399.2565035,-484.7739475,0,0,0,0,0,0,-0.000113363,0,0
783,-205.2297478,-108.7827827,-6.59E-05,-0.032211644,0,-267.2298647,-1.00E-05,-25.93499407,-24.89985667,-5.27E-05,-0.000221653
784,-325.5513177,-588.5611588,0,0,0,0,0,0,-9.85E-05,0,0
785,-638.4607386,-138.3850767,-2.25E-05,0,0,-2.21E-05,0,0,-0.000237864,0,0
786,-283.3445185,-620.5946574,0,0,0,0,0,0,-0.000166403,0,0
787,-338.5401135,-491.3684685,0,0,0,0,0,0,-5.50E-05,0,0
788,-120.506102,-31.15707216,-8.59E-05,-0.076298399,0,-449.0175358,-4.45E-05,-24.18645291,-36.28560227,-2.19E-05,-0.000258164
789,-390.2873209,-534.7523941,-6.03E-05,-0.000270438,0,-0.031821144,-3.82E-05,-5.860126547,-0.014251285,0,-6.35E-05
790,-249.583794,-0.000850256,-6.82E-05,-0.000314667,-1.29E-05,-0.000961202,-7.14E-05,0,-0.001369692,-3.62E-05,-0.000260113
791,-376.7134212,-514.9835747,0,0,0,0,0,0,-0.000144922,0,0
792,-348.9013249,-378.2529677,-1.11E-05,-1.07E-05,0,0,0,0,-0.000144372,0,0
793,-393.6212549,-564.8533799,0,0,0,0,0,0,-2.38E-05,0,0
794,-331.4077748,-495.7171368,0,-2.37E-05,0,0,0,0,-0.000256594,0,0
795,-403.5692013,-537.760296,0,-1.01E-05,0,0,0,0,-0.000178897,0,0
796,-339.3657985,-553.7234955,0,0,0,0,0,0,-0.000118803,0,0
797,-352.4806333,-531.257262,0,0,0,0,0,0,-0.000186464,0,0
798,-23.58763505,-0.000470177,-9.34E-05,-0.113354662,0,-389.5363955,-1.072902567,0,-76.16296107,0,-0.000145037
799,-306.8608127,-365.8961385,0,0,0,0,0,0,-7.16E-05,0,0
800,-738.1725697,-43.27262282,0,0,0,0,0,0,-0.000119903,0,0
801,-349.8978344,-440.0033106,0,0,0,0,0,0,-9.47E-05,0,0
802,-283.9245172,-301.0163951,0,-0.000137097,-1.22E-05,-75.91715339,0,-2.00E-05,-0.022649907,-3.38E-05,-1.59E-05
803,-315.4168045,-565.688386,0,0,0,0,0,0,-7.91E-05,0,0
804,-92.00737233,-0.000705258,-0.000169196,-0.122979337,-12.38375912,-379.2820817,-8.05E-05,0,-81.42884034,-1.06E-05,-0.00029462
805,-414.1562683,-463.3551648,0,-9.96E-05,-4.65E-05,-0.000324032,0,0,-0.000684134,0,-1.16E-05
806,-709.2832584,-183.9382361,-4.61E-05,-5.10E-05,0,-5.58E-05,0,0,-0.000320269,0,-4.17E-05
807,-292.4478445,-545.6482485,0,0,0,0,0,0,-1.05E-05,0,0
808,-106.5309407,-3.27E-05,-1.32E-05,-0.000833859,-4.03E-05,-1.356672034,0,0,-0.373188446,-5.41E-05,-9.38E-05
809,-335.0327605,-370.7699241,0,0,0,-1.06E-05,0,0,-0.000239072,0,0
810,-376.1452074,-379.7154353,0,0,0,-1.15E-05,0,0,-0.000132133,0,0
811,-308.909577,-458.2810585,0,-2.12E-05,0,-1.00E-05,0,0,-0.000309789,0,0
812,-23.7598398,-34.46345637,-0.000376317,-0.14858227,-5.59E-05,-507.9772531,-19.42147023,-39.63815406,-111.2720467,0,-11.64620843
813,-127.1980518,-158.8282012,-0.000249216,-0.072905276,0,-380.2107216,-2.44E-05,0,-17.50197144,-3.05E-05,-0.000420117
814,-420.6218827,-362.7752761,0,0,0,0,0,0,-2.29E-05,0,0
815,-364.640213,-341.035359,0,0,0,0,0,0,-0.000245204,0,0
816,-269.6481646,-533.2665698,0,0,0,0,0,0,-7.09E-05,0,0
817,-295.2817295,-405.0041409,0,0,0,0,0,0,-0.000125593,0,0
818,-265.393892,-80.33858417,-0.000298442,-0.014298284,-2.33E-05,-252.617781,-0.004980381,0,-15.14386271,-8.01E-05,-0.000260289
819,-326.8489754,-518.3020035,0,0,0,0,0,0,-6.53E-05,0,0
820,-324.1005875,-214.9213961,-0.0006383,-5.938152665,-0.000173703,-378.5131223,-3.62E-05,-18.74004083,-12.17666913,0,-0.000617299
821,-434.1268028,-377.1270625,0,0,0,0,0,0,-2.82E-05,0,0
822,-292.5831032,-371.506114,-1.11E-05,-3.99E-05,0,-8.61E-05,0,0,-0.000390014,0,0
823,-319.5626705,-359.0768382,-1.00E-05,-5.52E-05,0,-9.29E-05,0,0,-0.000503915,0,0
824,-282.7524161,-486.5635467,-1.02E-05,-1.05E-05,0,0,0,0,-0.000265499,0,0
825,-399.1659885,-539.179131,-0.000107046,-7.00E-05,0,-0.000293477,0,0,-0.0006883,0,-0.000280715
826,-245.5737907,-387.6349049,-0.000175552,-0.075377248,-1.14E-05,-137.4675504,0,0,-0.001582738,0,-0.000621378
827,-522.1716505,-280.6688989,-9.73E-05,-0.000148136,0,-0.000220683,0,0,-0.000589809,0,-0.000141867
828,-188.567977,-148.6494913,-6.34E-05,-0.170464895,0,-322.6696675,0,-24.94967109,-30.43665764,-2.55E-05,-0.000176744
829,-405.94767,-566.3367674,0,0,0,0,0,0,-2.55E-05,0,0
830,-273.5846905,-436.32333,0,0,0,0,0,0,-5.27E-05,0,0
831,-237.958375,-0.000729052,-9.71E-05,-0.110991899,-5.04E-05,-247.2701578,-3.96E-05,-0.662029671,-1.834091941,-3.50E-05,-0.000231197
832,-428.9189977,-366.307149,-5.95E-05,-0.000162712,0,-91.53988884,-2.44E-05,0,-0.00088935,0,-0.000184699
833,-112.1494836,-0.00127676,-0.000206616,-0.07838336,-3.71E-05,-190.2605583,-7.72E-05,0,-31.69859347,-1.03E-05,-0.000374537
834,-760.0352698,-290.4855439,-6.35E-05,-8.76E-05,0,-3.03E-05,0,0,-0.000173893,0,-8.92E-05
835,-738.8075297,-210.8425174,-1.06E-05,0,0,-3.21E-05,0,0,-0.000441292,0,-0.000110778
836,-195.020893,-247.385907,-8.38E-05,-0.01558004,-0.000234324,-227.044308,-4.22E-05,0,-36.92215153,0,-0.000218986
837,-357.0311875,-567.2451359,0,-0.084574761,-1.71E-05,-23.16502801,-3.14E-05,0,-9.9173312,0,-9.89E-05
838,-334.9686598,-462.3736446,0,0,0,0,0,0,-7.77E-05,0,0
839,-276.1379128,-163.3272372,-3.67E-05,-0.000131522,-2.02E-05,-326.7606422,-2.15E-05,-33.87820027,-0.000831063,0,-0.000385533
840,-640.0554324,-76.4511625,-2.16E-05,-1.10E-05,0,-2.42E-05,0,0,-0.000198043,0,-1.15E-05
841,-349.1493885,-369.4671638,0,0,0,0,0,0,-0.000277479,0,0
842,-354.3372158,-471.2742271,0,-1.12E-05,0,0,0,0,-0.000349564,0,0
843,-369.7704406,-393.8788495,0,0,0,-4.61E-05,0,0,-0.000254661,0,0
844,-126.1874761,-0.000318329,-9.83E-05,-0.298807106,0,-451.5865114,-0.000209033,-42.13628619,-59.25000505,-1.38E-05,-0.000403938
845,-309.3059194,-463.4569953,0,-1.14E-05,0,-6.37E-05,0,0,-0.000477573,0,0
846,-399.4541701,-502.50926,0,-1.23E-05,0,0,0,0,-0.00028928,0,-2.88E-05
847,-39.3487954,-15.87659825,-0.000271925,-0.023917953,-2.43E-05,-151.4338439,-7.94E-05,-4.750095091,-10.5645946,-0.000263438,-0.000863492
848,-421.6322283,-382.1614997,-0.000182991,-0.686111102,0,-102.4274471,-1.15E-05,0,-0.0012193,-1.08E-05,-0.000155873
849,-398.1494108,-538.7639127,0,0,0,0,0,0,-0.000144696,0,0
850,-322.5132808,-456.9531964,0,-7.04E-05,-1.19E-05,-0.000852948,-3.30E-05,0,-0.000894904,0,-2.48E-05
851,-382.8596281,-574.3120609,0,0,0,0,0,0,-0.000116323,0,0
852,-712.6558142,-40.17245797,0,0,0,0,0,0,0,0,0
853,-162.9267974,-161.2583012,-2.32E-05,-0.00027918,0,-166.7132802,-2.38E-05,-93.49180124,-0.002448444,-4.88E-05,-8.71E-05
854,-416.4568582,-478.8470962,0,-8.35E-05,0,-4.440502799,0,0,-0.000653199,0,-3.60E-05
855,-436.3232926,-526.9509001,-4.74E-05,-0.000208987,0,-47.18179321,0,-7.105902363,-0.001061568,0,-9.66E-05
856,-1.800106797,-0.000838387,-0.00022962,-8.394379278,-7.25E-05,-327.4697962,-0.000680988,0,-83.73906278,0,-0.000289957
857,-315.2709473,-487.8152069,0,0,0,0,0,0,-0.000137443,0,0
858,-410.0157284,-443.550937,0,0,0,0,0,0,-0.000102383,0,0
859,-393.05471,-448.3326061,0,0,0,0,0,0,-6.30E-05,0,0
860,-324.0975884,-366.163803,0,0,0,0,0,0,-7.45E-05,0,0
861,-978.7448579,-12.87427065,-1.05E-05,-1.12E-05,0,-1.14E-05,0,0,-0.000346333,0,-2.69E-05
862,-450.6622493,-430.959246,0,0,0,0,0,0,-8.68E-05,0,0
863,-376.3884745,-406.6952877,-1.03E-05,-0.005365895,0,-2.340766101,-1.02E-05,0,-1.003045281,0,-9.61E-05
864,-384.1756976,-399.9571128,0,0,0,0,0,0,-4.71E-05,0,0
865,-356.1577951,-469.7374819,0,0,0,-1.49E-05,0,0,-0.000357773,0,0
866,-300.9063656,-268.020192,-4.89E-05,-0.00036284,-1.34E-05,-0.488244708,0,0,-0.001475417,0,-0.000486784
867,-347.7902071,-384.5342104,0,0,0,0,0,0,-3.87E-05,0,0
868,-763.623035,-100.852217,0,0,0,0,0,0,-2.74E-05,0,0
869,-337.6602387,-340.7907978,-4.89E-05,-0.000128008,-1.16E-05,-1.60551698,0,0,-0.003214444,0,-0.000149257
870,-273.1538438,-81.53455656,-2.53E-05,-0.126332557,0,-324.7728554,0,-30.2896388,-37.32764088,0,-0.000222123
871,-389.2182359,-489.4461508,-1.26E-05,-4.52E-05,0,0,0,0,-0.00028507,0,0
872,-319.9228564,-475.3318386,0,0,0,0,0,0,-0.000140075,0,0
873,-292.664635,-403.3218646,0,0,0,-4.58E-05,0,0,-0.000224082,0,0
874,-836.4836438,-0.000163986,-2.58E-05,-1.02E-05,0,-4.61E-05,0,0,-0.000284314,0,-0.000218227
875,-328.9154865,-594.6844236,0,0,0,0,0,0,-7.99E-05,0,0
876,-107.3981977,-6.01E-05,-3.45E-05,-0.08323381,-2.27E-05,-281.0039185,0,-10.85897843,-58.99330927,0,-0.000206672
877,-290.2510359,-526.6387062,-4.19E-05,-0.000231887,-1.87E-05,-0.001899042,-2.60E-05,0,-0.001822355,0,-4.52E-05
878,-846.1451041,-0.777310708,-1.08E-05,-2.27E-05,0,0,0,0,-0.000114557,0,-1.08E-05
879,-322.6459927,-603.2663617,0,0,0,0,0,0,-0.000134262,0,0
880,-380.0323216,-532.1204225,-1.22E-05,-5.88E-05,0,-1.26E-05,0,0,-0.000418062,0,0
881,-341.8967551,-389.3082799,0,-4.60E-05,0,-118.1940862,0,-15.28841071,-0.000301958,0,-0.000118214
882,-336.9831391,-454.2667832,0,0,0,0,0,0,-0.00017739,0,0
883,-646.1351625,-214.5550845,-1.25E-05,-3.61E-05,0,0,0,0,-0.000178985,0,-1.63E-05
884,-403.3285062,-501.850976,-0.000147975,-9.98E-05,0,-0.000655633,0,0,-0.000401682,0,-0.000150441
885,-306.5606162,-420.27093,-9.41E-05,-0.000131747,0,-136.6668871,0,-5.123125406,-0.000786312,-3.81E-05,-3.99E-05
886,-351.0482395,-574.7401682,0,0,0,0,0,0,-2.34E-05,0,0
887,-374.2534686,-388.8695351,0,-7.87E-05,0,-17.45872349,0,-2.832022038,-0.001708023,0,0
888,-215.7322964,-0.77757349,-2.38E-05,-0.07122039,0,-170.9576085,0,0,-36.4350724,-7.34E-05,0
889,-258.455617,-398.5301704,0,-4.97E-05,0,-22.56749536,0,-102.0699066,-1.705228568,-1.15E-05,-4.12E-05
890,-709.4849758,-5.148713374,0,0,0,0,0,0,-0.000116733,0,0
891,-381.1199129,-423.9270769,0,0,0,0,0,0,-9.34E-05,0,0
892,-342.108857,-605.2176951,0,0,0,0,0,0,-0.00017801,0,0
893,-225.3357213,-194.0793977,-0.000373694,-0.026071031,-6.07E-05,-185.1078368,-28.74512202,-149.4470628,-43.46764075,-3.13E-05,-0.000597009
894,-19.23271877,-19.63580058,0,-0.055119401,-1.838143778,-379.1268664,-105.6339683,-14.21750796,-82.81811677,0,-26.56670022
895,-548.8775354,-395.443671,0,0,0,0,0,0,-4.59E-05,0,0
896,-372.8330653,-520.8233232,0,-2.26E-05,0,-5.75E-05,0,0,-0.000248649,0,0
897,-336.4197748,-487.5821319,-6.53E-05,-0.000108761,-2.25E-05,-0.000188857,-5.24E-05,0,-0.000717973,0,-8.15E-05
898,-226.4002544,-209.8818358,-8.73E-05,-0.008902807,-0.000110157,-201.7461517,0,-10.55274114,-0.001966509,0,-14.7356655
899,-336.5216073,-447.5341318,0,-4.03E-05,0,-5.47E-05,0,0,-0.000411181,0,-3.67E-05
900,-480.2669555,-317.5517942,0,0,0,0,0,0,-0.000119513,0,0
901,-457.1459345,-541.7242763,-7.25E-05,-0.000130823,0,-1.06E-05,-2.34E-05,0,-0.00084797,0,0
902,-286.8705313,-481.7853599,-3.51E-05,-0.000173035,0,-0.002748667,0,-89.27980208,-0.001261294,0,-0.000107015
903,-363.7652781,-585.1811967,0,-0.000103755,-1.28E-05,-0.478247059,0,0,-0.000745309,0,-6.71E-05
904,-415.3080914,-404.4099472,-2.15E-05,-7.67E-05,-2.08E-05,-7.00E-05,0,0,-0.000605509,0,0
905,-329.629658,-457.8764718,-4.67E-05,-0.078548473,-3.96E-05,-13.9635127,-5.33E-05,0,-5.99279218,-1.15E-05,-2.20E-05
906,-420.6143883,-372.6367367,0,-3.96E-05,0,0,0,0,-0.000471948,0,0
907,-340.3566812,-486.2578581,0,-0.024685134,0,-3.680412567,0,0,-1.580759184,0,0
908,-109.4518435,-38.26526182,-0.000120605,-0.018006303,-5.206006585,-206.0057454,-2.49E-05,-1.776466544,-60.2059291,-6.02E-05,-0.000418759
909,-412.1450024,-340.3231485,0,-3.33E-05,0,-1.25E-05,0,0,-0.000342657,0,0
910,-304.0456432,-349.9722136,-0.000126196,-0.000300319,-1.00E-05,-0.001403433,-0.000129833,0,-0.001649281,0,-0.000152881
911,-272.6046624,-74.22394196,-8.22E-05,-0.061366899,-6.33E-05,-121.2797787,-0.015823197,-13.63390329,-22.72214664,-8.78E-05,-0.000102274
912,-352.8263988,-336.5354713,0,-8.23E-05,0,-5.98E-05,0,0,-0.000539058,0,-1.10E-05
913,-222.0640876,-258.5714301,-0.000257013,-0.107846976,-2.87E-05,-336.4516121,-2.07E-05,-62.82576904,-50.72463762,-9.88E-05,-0.000110621
914,-399.99837,-511.0604666,0,0,0,0,0,0,-0.000156278,0,0
915,-513.6488089,-190.0593276,-1.12E-05,0,0,0,0,0,-7.99E-05,0,-1.04E-05
916,-375.6399582,-366.7289738,0,-1.12E-05,0,0,0,0,-0.000198001,0,0
917,-336.5683829,-435.3094172,0,0,0,0,0,0,-0.000209105,0,0
918,-360.3999781,-506.2838919,0,0,0,0,0,0,-0.000204841,0,0
919,-262.3408508,-321.4304935,-3.68E-05,-0.049450266,0,-99.4041469,-6.41E-05,-8.613798222,-14.49611196,-7.47E-05,-0.000178495
920,-357.5358932,-590.9404047,0,0,0,0,0,0,-3.58E-05,0,0
921,-120.0453389,-241.6158419,-0.000333768,-0.000676738,-0.000221815,-267.4409048,-7.98E-05,-13.78748911,-0.005420745,-0.000217175,-0.000875051
922,-564.5189377,-197.6649287,0,0,0,0,0,0,-2.71E-05,0,0
923,-384.8388426,-525.3922148,-1.01E-05,-2.16E-05,0,0,0,0,-7.83E-05,0,0
924,-353.0455844,-361.816678,0,-6.43E-05,0,-0.000214285,0,0,-0.000724572,0,0
925,-422.7927802,-532.1231781,0,0,0,0,0,0,-0.000134837,0,0
926,-216.6155258,-272.3865419,-6.55E-05,-0.016871432,-6.08E-05,-110.4046148,-1.18E-05,-57.12759178,-7.132202609,0,-0.000352494
927,-254.4140481,-76.9820154,-0.000213131,-0.010730408,-0.006734292,-219.9492952,-0.000186169,-66.92645597,-0.811644324,-1.23E-05,-51.55249091
928,-358.6970729,-339.3128729,0,0,0,0,0,0,-0.000209976,0,0
929,-314.3064687,-177.6789707,-0.000143922,-0.057011099,-0.000117639,-256.8233184,-2.64E-05,-76.1259863,-11.96013601,-1.02E-05,-0.000537343
930,-410.7366418,-429.8008564,0,-4.11E-05,0,-1.01E-05,0,0,-0.000358784,0,0
931,-420.8088599,-521.1457182,-0.000123833,-0.000206786,0,-0.00032022,0,0,-0.000479383,0,-9.35E-05
932,-328.0293368,-419.8241606,-9.62E-05,-0.000393011,-3.01E-05,-139.2690273,0,-5.904217053,-0.001256119,-0.000153879,-0.000348263
933,-418.4142234,-507.6670398,0,0,0,0,0,0,-0.000171649,0,0
934,-205.0104735,-335.4734514,-0.000150721,-0.066119832,-2.62E-05,-92.80754974,-5.19E-05,0,-39.61608555,0,-9.92E-05
935,-118.117583,-124.0811187,-0.000685608,-0.043596517,-24.69270122,-296.6519637,-0.00066285,0,-41.06531372,-0.000146758,-46.93953433
936,-41.5648499,-5.24E-05,-3.36E-05,-0.000224145,0,-3.60104095,-2.32E-05,0,-1.536728666,-1.21E-05,-9.88E-05
937,-408.1011733,-611.4745992,-1.01E-05,-1.02E-05,0,0,0,0,-9.26E-05,0,0
938,-328.9686028,-567.8896402,0,0,0,0,0,0,-0.000211928,0,0
939,-401.4666706,-65.94096795,-0.000169544,-0.000212205,0,-16.74002849,0,-0.418564888,-0.001031899,0,-0.000367023
940,-403.0483276,-555.2095089,0,0,0,0,0,0,-5.67E-05,0,0
941,-301.6383577,-428.8372536,-0.000227564,-0.039140425,-5.70E-05,-173.2646555,-8.15E-05,-23.08699874,-24.83472919,0,-0.000352033
942,-452.8380888,-511.2014784,0,-5.77E-05,0,-0.000354964,0,0,-0.000609254,0,0
943,-390.4063247,-525.7097189,0,0,0,0,0,0,-0.000144387,0,0
944,-151.1202221,-108.8332396,-1.05E-05,-0.030561339,-6.62E-05,-138.9151422,0,-173.9002555,-16.4903801,0,-3.32E-05
945,-409.792333,-556.2985614,0,0,0,0,0,0,-3.41E-05,0,0
946,-233.2899501,-390.2851796,-0.000102043,-0.000632128,-6.97E-05,-1.519799078,-0.000136487,-21.53253249,-0.649226952,-5.39E-05,-0.000372242
947,-161.2153951,-286.6481351,-9.24E-05,-0.652223861,0,-169.5390032,0,-49.06467333,-11.31173494,0,-0.000406471
948,-399.8462457,-568.2709024,0,0,0,0,0,0,-6.71E-05,0,0
949,-377.9630305,-455.7344492,0,0,0,0,0,0,-4.26E-05,0,0
950,-270.2954799,-124.1602695,-0.000716834,-0.000722822,-0.000169886,-165.7662739,-117.7770054,-121.6930375,-50.2370977,-0.000305831,-0.001585193
951,-98.76737682,-18.21025775,0,-0.000146108,0,-0.001106119,0,0,-0.000932695,0,-9.26E-05
952,-344.2097782,-294.9216322,-2.16E-05,-0.000107638,0,-49.49316284,0,0,-0.000320825,0,0
953,-361.9129185,-351.3402678,-7.10E-05,-0.000262441,-6.06E-05,-89.0938813,-1.04E-05,-26.01306675,-0.001097472,0,-0.000190644
954,-326.3054754,-387.7284316,-1.12E-05,-0.000117302,0,-3.443167689,0,0,-0.001557248,0,-7.87E-05
955,-342.3301716,-281.693227,0,0,0,-53.67439481,0,-16.13373804,-0.00018393,0,0
956,-428.0618451,-514.4654686,-3.52E-05,-7.57E-05,0,-0.000114522,0,0,-0.000534897,0,-1.71E-05
957,-337.8298311,-535.1915675,0,0,0,-1.39E-05,0,0,-0.000143343,0,0
958,-218.8692418,-177.2012388,-6.25E-05,-0.00033749,-3.63E-05,-156.9251806,-1.11E-05,-55.55829076,-3.402710672,-2.39E-05,-0.000251177
959,-325.9642074,-410.4730104,-0.000252873,-0.026335092,-3.13E-05,-73.52878971,-2.35E-05,-112.2971538,-15.08991949,0,-0.000386144
960,-325.1173301,-360.6222349,0,-1.06E-05,0,0,0,0,-0.000327609,0,0
961,-367.3943883,-440.9397518,0,0,0,0,0,0,-6.23E-05,0,0
962,-87.52462228,-29.67617104,-0.000226776,-0.033682543,-0.000752493,-355.7661676,-2.42E-05,-24.16633551,-30.57588979,-4.24E-05,-3.851596356
963,-300.347266,-356.7716783,0,0,0,0,0,0,-0.000155278,0,0
964,-695.9553033,-233.9532671,-3.79E-05,-2.73E-05,0,-2.70E-05,0,0,-0.000206684,0,-1.88E-05
965,-344.0700855,-354.8477164,-8.02E-05,-0.00017828,0,-0.00278172,-1.08E-05,0,-0.001272896,0,-1.13E-05
966,-390.0324066,-570.0198203,0,0,0,0,0,0,-3.28E-05,0,0
967,-383.3293173,-554.4904168,0,0,0,0,0,0,-9.58E-05,0,0
968,-297.3869581,-336.1254738,0,0,0,0,0,0,0,0,0
969,-344.534444,-473.0503235,0,0,0,0,0,0,-2.82E-05,0,0
970,-278.6185446,-431.9782035,-0.000235432,-0.00026744,-1.58E-05,-175.8398873,-5.30E-05,0,-3.091006127,-2.26E-05,-0.000265982
971,-726.8583216,-208.8456723,-2.37E-05,-2.36E-05,0,-0.000129505,0,0,-0.000284103,0,-9.24E-05
972,-369.9898859,-346.6639271,0,-9.30E-05,0,-0.001022304,-3.77E-05,0,-0.000981142,0,-1.17E-05
973,-306.5567672,-344.6604279,0,0,0,0,0,0,-0.000171897,0,0
974,-368.3660205,-464.4003755,0,-1.09E-05,0,0,0,0,-0.000168521,0,0
975,-412.9676377,-336.4208183,0,-1.06E-05,0,0,0,0,-0.000234965,0,0
976,-880.9560605,-49.70648167,0,0,0,0,0,0,-7.36E-05,0,0
977,-389.2075087,-584.7464633,0,-5.55E-05,0,-1.41895648,0,0,-0.605767526,0,0
978,-532.5422716,-351.1705067,-1.10E-05,-1.03E-05,0,0,0,0,-0.000190353,0,-1.07E-05
979,-285.6619338,-358.6572656,-9.99E-05,-0.000226587,-0.000181385,-60.03144072,-1.22E-05,0,-25.59772069,0,-9.91E-05
980,-170.5536364,-49.91299339,-3.68E-05,-0.183851494,0,-302.8802683,-1.03E-05,-95.28063077,-0.001247907,0,-0.000385621
981,-389.9715829,-405.6365215,0,0,0,0,0,0,-0.000325597,0,0
982,-355.3856361,-361.0534435,0,0,0,0,0,0,-6.50E-05,0,0
983,-384.7533638,-599.99617,0,0,0,0,0,0,-2.55E-05,0,0
984,-381.6611315,-582.0394815,0,0,0,0,0,0,-0.000125014,0,0
985,-348.9675298,-545.6488791,0,0,0,0,0,0,-1.14E-05,0,0
986,-143.9166208,-0.000131126,-5.82E-05,-0.051498078,0,-51.04216781,0,0,-21.62237714,0,-5.45E-05
987,-409.30594,-456.2022143,0,0,0,-8.37E-05,0,0,-0.000473379,0,0
988,-313.1514824,-531.2346511,0,-2.29E-05,0,0,0,0,-0.000416087,0,-1.10E-05
989,-330.5688926,-514.9930724,-3.36E-05,-0.05122973,-3.19E-05,-43.30802009,-0.0077252,0,-17.82834969,0,-6.38E-05
990,-278.124417,-307.3822189,-8.15E-05,-0.000382328,-7.43E-05,-91.12050858,-0.832609286,-41.72818273,-5.154373635,-2.57E-05,-0.000339569
991,-391.1907854,-545.0387353,0,-1.14E-05,0,0,0,0,-0.000360267,0,0
992,-118.8542455,-283.1925936,-2.13E-05,-0.090144552,0,-269.0359715,0,0,-59.20249688,-1.17E-05,-4.17E-05
993,-128.4316509,-364.7356972,-0.000173629,-0.075169048,-9.09E-05,-286.0602738,-1.358665814,0,-40.986859,-1.10E-05,-0.478424256
994,-331.6588479,-599.0587489,0,0,0,0,0,0,-0.000164367,0,0
995,-880.1332788,-80.1424421,-1.24E-05,-2.27E-05,0,0,0,0,-0.00041129,0,0
996,-424.8398731,-578.4156355,0,-1.10E-05,0,0,0,0,-0.000137253,0,0
997,-756.7473179,-41.68631549,0,0,0,0,0,0,0,0,0
998,-814.368812,-187.1752223,0,0,0,0,0,0,-7.77E-05,0,0
999,-783.0390651,-233.6211427,-4.48E-05,-6.83E-05,0,-0.802601653,0,0,-0.000519433,0,-0.000207795
1000,-202.1696911,-234.8617353,-1.12E-05,-0.00013003,0,-195.0663643,0,0,-0.004980284,0,-9.54E-05
