crudeOil;HVC;LTH;HTH;rawBiogas;coal;initial cluster;cluster_final
763.7477310635286;0.7782222410670476;3.30447548281151e-05;4.221283176211087e-05;0.0006021926316696;8.188525081154768e-05;2;2
312.24896073963487;476.99786116182025;2.498422532388108e-05;0.0;0.0002362295403855;0.0;1;1
44.538034140861946;0.0003848976120611;0.001466533056493073;82.62231008141073;23.28768329395519;0.0005971456588196;0;0
133.51297972972972;8.335679514255153e-05;0.0003018315991148;2.8287804615090626;1.0620459915882416;0.00010323954208;0;0
815.6718240624782;1.9700346693271105;0.0;0.0;0.0001131645854808;0.0;2;2
300.49407673421985;436.1550508019364;2.2276185408974908e-05;3.3432241561132894e-05;0.0003791340567541;6.686411667686243e-05;1;1
93.95222116818938;43.0427261954155;27.376217596334467;355.4247339455105;13.040751778718889;4.804404351036785e-05;0;0
395.5143251171933;532.4842501449378;7.433866571780967e-05;0.00010450204638627715;0.0006607090828608;0.0;1;1
248.48436135745897;446.3210176417472;15.121492719908224;134.6932121427012;6.058529735164903;0.0001951664590036;1;1
297.58396483573165;338.3804977637608;0.0;0.0;8.187511292230022e-05;0.0;1;1
305.2538395924319;551.47830539061;1.0490124986513282e-05;0.0;0.0001409034211007;0.0;1;1
378.9879256584048;425.9907963506783;0.0;0.0;2.441806452517141e-05;0.0;1;1
349.8108148445838;514.2632561760372;0.0;0.0;0.000139741703111;0.0;1;1
359.69284323275406;394.4515260177506;5.901656200976555e-05;0.0;0.0004945179645627;0.0;1;1
571.6451917262925;393.6454399559584;0.0001380656103139;0.4786630741181366;0.0006324833580352;8.683736149178366e-05;1;1
425.394024456423;548.7829542943362;0.0;0.0;0.0001224075446523;0.0;1;1
240.2262074751624;262.4175085415301;0.27128177037616047;429.59258266482743;35.6240008090347;0.5096566919760502;0;1
268.44217213043447;361.7462526243026;0.0451244811204254;142.04557904777337;19.861659283111003;0.000256273625058;1;1
433.8231401058389;299.9424154288382;0.0;9.129184084166548e-05;0.000167696450692;6.256607896151297e-05;1;1
310.2287020584266;464.3618870370552;8.069544754998003e-05;3.4886821666595384e-05;0.0004057197391292;3.369531574791308e-05;1;1
376.8589649116082;508.64087613921765;0.00048616762353558294;0.0028939027156692494;0.0013968296746635;0.0002597114248709;1;1
291.781678885249;300.90762872902604;0.0001953406521355;60.48952602085299;0.0011239333992074;0.0002839684903923;1;1
320.3298159387718;537.0583257247782;0.0458357714178192;15.244303992892696;6.523850693927139;0.0;1;1
134.8524532129725;0.777545629327157;32.42761426509986;224.2589950823818;14.408195646731706;0.0001940119954923;0;0
424.03747876935216;486.2344670370612;0.0;0.0;0.0001240507962969;0.0;1;1
181.28701913974768;337.88380842329656;23.275940951069;322.97874310473196;65.8310755373167;0.0002235983953845;0;1
173.92008471728062;179.9924126990319;0.6297872023950636;184.30483459121095;0.002021129495702;0.0003347081538947;0;0
391.6032853040225;589.390005132457;0.0;0.0;0.0001960135311192;0.0;1;1
257.76638690220364;329.63065757239553;2.842527900358888;191.57432226261454;16.93258122982605;20.352031068907586;1;1
309.275075281493;539.700430340887;0.0;0.0;3.58426069612592e-05;0.0;1;1
403.4769193003276;451.0988094109045;0.0;0.0;3.528595214449172e-05;0.0;1;1
410.2594244103128;384.5864950352616;16.134033321042843;0.0019323776316372207;0.0011392806989364;0.000190678841659;1;1
181.0369566381184;0.0013154521110263;0.025218414555844587;331.2310698812893;13.345395820826129;0.0004848191473056;0;0
131.81233277202924;388.786814314439;6.36407357432145;229.9991210181068;7.308325014008304;0.0008677459046052;0;1
344.49773209723463;549.323439712299;3.720371799793314e-05;2.3940133096157764e-05;0.0005379968715397;0.0;1;1
432.089144191532;501.3579052140712;0.0001745336004165;0.4520326516874947;0.0007721525221753;0.0001446023748357;1;1
271.87221801803787;424.5052013059941;0.0;0.0;0.0;0.0;1;1
1.7733114144181217;5.5940703405825526e-05;9.06180255998077e-05;37.69698247305297;1.123980355317848;0.0001688934181934;0;0
355.90237530367324;393.0665124191425;33.54993933373093;119.68830157942945;9.430381122140144;0.0001975329232254;1;1
442.8263285719882;612.7574174145598;3.3311894724415766e-05;2.5444074842902823e-05;0.0004162553548944;0.0;1;1
357.36047031223234;442.8075996046241;0.0;0.0;7.534772984311457e-05;0.0;1;1
347.10024243357566;402.6283061453029;2.2627481815356247e-05;0.0;0.0002338441555929;0.0;1;1
29.603825794428985;5.444225605658006e-05;0.0004175622740231;70.41681424762774;29.399411679040867;0.0001362920547893;0;0
444.4159742690321;404.0276226551155;1.0409476193068113e-05;8.436204157025344e-05;0.0003454006171688;0.0;1;1
368.3310871971757;504.4393474997407;0.0;0.0;0.000201049797156;0.0;1;1
328.4199033921905;475.2762880797321;1.0979095078475508e-05;0.0;0.0002159841802392;0.0;1;1
389.5991131442941;591.5067622075292;1.26475243423516e-05;2.0485237323360533e-05;0.0004436399305915;0.0;1;1
231.530964749245;241.69601961309684;59.643434676634186;141.76619276856422;14.62872686037111;3.860011898062746e-05;0;1
308.3431111353433;304.22712789312715;0.033681938944111395;161.17405297072835;20.834041725766543;0.0005532560512931;1;1
452.11743456792703;462.6532734542981;0.0;0.0;0.0001337162382331;0.0;1;1
379.4236321460508;443.6720221474131;82.74849382767178;41.209971161621596;8.570248030752246;0.0001580822940621;1;1
411.6125804441361;582.4004533576043;0.0;0.0;7.369733800755171e-05;0.0;1;1
312.92927257434746;421.1831462318107;0.0;0.0;0.0001063170480831;0.0;1;1
327.9151499733495;424.92730365185537;0.0;0.0;7.046800978118581e-05;0.0;1;1
419.71622300815534;597.6860490303766;0.0;0.0;3.6136208622905376e-05;0.0;1;1
343.0030831600864;336.9056430480412;0.6755590905389119;206.3588644650814;0.7487878488002324;0.0003990469998591;1;1
240.16276703514683;305.5466934730357;0.0421335096954045;133.39386349889668;19.389733478599403;0.0003594467013219;1;1
353.4938168240426;360.35048257734064;0.0;0.0;1.4642082759195731e-05;0.0;1;1
372.4595151716806;410.1142297132521;0.0;0.0;5.309598822718454e-05;0.0;1;1
395.1658015318019;515.8863355954246;0.0;0.0;0.0001468892053832;0.0;1;1
420.6854724543956;448.7439967157261;8.527287151540679e-05;3.1280867032360047;0.0003514392744938;1.0519130399687003e-05;1;1
333.4566705382188;245.02116700267703;0.0002257438356799;78.83776862965568;0.0007057326358264;0.0001181283100318;1;1
346.25232833355847;497.9257615184085;2.4049661368287843e-05;0.0;0.0005251846523594;0.0;1;1
257.90492427333095;223.8247964160533;0.07051562946572017;162.30456116488224;30.30937787540321;0.00010333058112;0;0
241.87238331327995;282.60081649120934;24.05923780559478;104.49974846869395;15.1341443476259;0.0001727662219228;1;1
282.8099523730867;253.5231962274744;9.747576926502775;246.71917515885036;0.0010230877272744;0.0003394334291493;0;1
309.54219389390755;442.2088175146378;0.0;0.0;0.0001297060953134;0.0;1;1
340.4190307479687;536.7374118763008;0.0;0.0;5.264992791319576e-05;0.0;1;1
332.6352173846999;415.3603434133737;2.583407765879725e-05;0.0;0.0004203673217695;0.0;1;1
339.24386135737336;586.8542925413138;0.0;0.0;0.0002960150652341;0.0;1;1
362.6887217774666;414.1797184927997;85.12061285984515;14.670553489052054;0.0018301427991876;0.0001377800003947;1;1
297.7249957365263;411.93261675926345;0.0;0.0;0.0002883007954623;0.0;1;1
333.2810509104548;414.1359228724067;0.0;0.0;0.0;0.0;1;1
357.3564282303417;444.70617503632974;5.204625606331909e-05;0.0001733357454873;0.0004554786440376;1.0028418414636803e-05;1;1
342.3423378318157;367.7906911634178;3.2380743154898464e-05;5.946245912420853e-05;0.0004761551437728;0.0;1;1
301.3450296297963;456.53982974334656;0.3280996169487808;71.91851436060097;30.68106500163195;9.954271209582673e-05;1;1
179.1558407763614;100.14337628620812;16.946951403278465;445.5365671885983;13.448362353189992;0.0008709261512114;0;0
369.3581366251463;549.7075325591628;4.993042387643012e-05;1.1174407793759205e-05;0.0003393409766225;0.0;1;1
324.9992240659222;382.7350159299325;0.0;0.0;6.012721123967766e-05;0.0;1;1
287.8830522172395;485.4401390153763;0.0;0.0;0.0001111139630807;0.0;1;1
315.93789650087894;408.3842874844706;1.3812618899324169e-05;2.191306346135984e-05;0.0003477328605867;0.0;1;1
322.5744006242712;596.31091034559;0.0;0.0;0.0002058596625569;0.0;1;1
661.9028229998185;326.9697477412399;4.728360767141359e-05;0.0003032942183446;0.0003580450389893;8.649483535317883e-05;2;1
303.2490756881664;593.9180943178129;0.0;3.3050043116182754e-05;0.0002683188060052;2.1305747696489792e-05;1;1
407.5058192887506;445.86482486787656;0.0;0.0;0.0002318160120692;0.0;1;1
248.02651081787604;158.74041692166074;4.950929634767598;249.56647896600725;20.301858878157745;0.0006085345833497;0;0
376.40828536773887;403.131511412106;0.0;0.0;0.0002843967064443;0.0;1;1
362.25506169121263;463.92238748857153;0.0;0.0;0.0001153188283802;0.0;1;1
427.7196856878386;485.7570948538411;0.0;0.0;0.0001146358829431;0.0;1;1
383.3487424327783;346.1570663692017;0.0;3.2289511447354684e-05;0.0002745834986866;0.0;1;1
174.62150935397096;325.3962616502736;39.06285670785995;146.99593381587954;37.8035989403698;0.0002970318776963;0;1
160.19187602644936;396.4471672625749;4.8029011002135436;142.57082917711313;61.601782426426354;1.0025819506161212e-05;1;1
393.9215800113952;602.9791692149961;0.0;0.0;3.378507458705676e-05;0.0;1;1
307.6263692099651;349.4261568567344;7.131957405534601e-05;0.0;0.0004481237580416;6.105021744644063e-05;1;1
853.050162790739;1.969979102255539;0.0;0.0;0.0;0.0;2;2
336.1850013424636;372.5342134670972;0.0;0.0;0.0001595938605802;0.0;1;1
299.7791980007376;518.0205143143544;0.0;0.0;0.0001132674651317;0.0;1;1
283.2590395153981;344.71413681080844;20.917329821291347;141.52599426416063;15.519369097508132;0.0002871222402094;1;1
349.792737655284;470.6836280099568;0.0;0.0;5.639445084263907e-05;0.0;1;1
359.4660051767599;349.05794625959373;0.0;0.0;0.0001276595764925;0.0;1;1
751.3054413699736;196.8572046302949;0.0;0.0;0.0;0.0;2;2
352.9148767457411;450.2260939368163;0.0;0.0;0.0001534112024283;0.0;1;1
363.78622889707;476.1705255430269;3.681059183536982e-05;2.463140932958725e-05;0.0004223269139696;0.0;1;1
392.0722187816365;402.2861014866428;0.0;0.0;5.364643245620207e-05;0.0;1;1
436.3065752358538;550.673844881432;2.6264509343895147e-05;1.324656021704856e-05;0.0004130797518593;0.0;1;1
380.0489801970755;414.887733418978;0.0;0.0;9.341270979252766e-05;0.0;1;1
263.7666405358582;502.0992002187492;0.0;0.0;0.0001646955930062;0.0;1;1
524.4548967317925;446.3072806745066;0.0;0.0;0.0001017051750236;0.0;1;1
189.45813336471025;299.43918568672507;0.0948215248432121;291.3663408002392;47.66523437975421;0.0001382948835882;0;1
323.24021148677303;448.1162840063614;33.874862070203164;131.6938545767328;14.268209346029735;0.0001331646728517;1;1
354.9722033727314;487.9763318715551;0.0;0.0;0.000124619250634;0.0;1;1
852.5186156713492;4.953342034866883;2.45956697973372e-05;1.1118604138038332e-05;0.0002679630832164;1.04851719121705e-05;2;2
120.22632900793997;147.7831319667321;229.37425328909885;272.7920900661122;58.84326431395627;0.0005488884957543;0;0
146.37414897844903;84.41036357657403;0.00021479495110364642;0.3096218630899594;0.0015892923310358;0.0002457719388478;0;0
405.85084332111467;419.2745745544361;0.0;0.0;9.930272235420486e-05;0.0;1;1
724.465938306806;198.85399613175125;0.0;1.012306774098732e-05;0.0002223963456889;3.533478988797608e-05;2;2
236.1147437369364;165.48331986563304;0.06553326163169094;273.9626323706085;14.611456672464628;23.89416337608273;0;0
432.7422074512388;406.77898961964286;27.693578399147537;53.52358502739701;0.4552974981983895;0.0;1;1
358.50020500556286;531.434974548612;0.0;0.0;2.441012720819216e-05;0.0;1;1
351.7760503114437;331.5527167572369;0.0001420468223888;65.45298462587954;0.0013558314998198;0.0001082577037209;1;1
397.7019807530087;450.3633231801115;0.0;0.0;7.582799147855178e-05;0.0;1;1
668.0291509970729;66.00553221705675;2.1921151547760376e-05;1.0098231522644844e-05;0.0001625303661158;0.0;2;2
69.55307991743877;0.0001760328863577;0.0006173414072207569;71.64575179617526;8.112842399962048;0.0003304595644834;0;0
364.104838764362;190.4451821527264;0.0004323189256282894;169.5816364581554;1.1913498173338395;0.0005041912074173;0;0
353.8013447919;449.39502078569694;0.0652256835978749;158.25752484059285;15.473638553396391;0.0;1;1
383.9615578758985;503.7311603809647;0.0;0.0;0.00027253674948;0.0;1;1
331.1408169656195;18.64722130391774;25.283819449507277;192.30103951656423;13.761141887348884;0.0001250580669485;0;0
34.28467959754698;21.92666452392606;155.48225139044584;323.42596254739186;2.032282428974513;40.628179321494194;0;0
348.8217843802377;361.8695654697214;23.615839556412887;86.9454756069668;1.82168994698844;0.0001133201030085;1;1
322.89136165673733;454.39834547585446;0.0;0.0;2.651887966628985e-05;0.0;1;1
380.0937476350808;510.34679710652085;0.0;0.0;0.0001461656398214;0.0;1;1
806.7216197073724;12.041914996560475;0.0;0.0;2.522267620400117e-05;0.0;2;2
273.3747714593739;491.4872389714153;0.0;0.0;0.0001675110340413;0.0;1;1
812.4308458450719;183.0665997701957;3.563045565497087e-05;0.0001241573601658;0.0004146682640888;0.0002684938461267;2;2
322.4362725684787;417.8869197117968;0.0;0.0;3.1753163192017075e-05;0.0;1;1
38.536285524051294;278.8956462264654;15.229271953366045;287.03140229139217;83.15353889979568;6.789066514749904e-05;0;1
373.4905995154025;74.40464431415857;0.4659887889304667;221.78797880159536;0.0006325840107533;0.0001549006914478;0;0
367.8230080884119;293.41868564920173;0.0002945363384359335;84.42606575389233;0.0009528581308655;0.0001117693711525;1;1
360.1635022665623;433.7892097597506;0.0003737052226547705;0.0006591207163049959;0.001130089104521;2.7839269686406903e-05;1;1
403.9723360526686;374.8295196391488;0.0;0.0;6.621812344313861e-05;0.0;1;1
319.4018856717819;349.80551772798566;2.267686317272952e-05;4.78774719379713e-05;0.0003543633881641;0.0;1;1
347.4480548156052;408.5251169700828;0.0;0.0;4.080045615476643e-05;0.0;1;1
310.24430307729835;363.848154544536;0.0;0.0;0.0002340896965158;0.0;1;1
370.2388895378773;467.20242186985394;1.2647728115513956e-05;0.0;0.0002975074054235;0.0;1;1
300.18450523550536;554.2411417244575;0.0001600088747999;0.0013553425714649683;0.0014237921577577;1.2613335696444966e-05;1;1
358.40260240473737;520.5139416058196;0.0;0.0;0.0001346226512204;0.0;1;1
351.2597895464349;474.0839250850188;1.0141792437432412e-05;0.0;0.0001418996911415;0.0;1;1
372.6344964147494;557.561525550057;0.0001217102583317;3.723109303954289;0.0011567702420909;3.598071258033875e-05;1;1
398.46592085005767;561.8699476602527;0.0;0.0;1.0888765815118664e-05;0.0;1;1
170.7233459354146;0.0001639337633825;7.1539720980830985;424.9106835668843;29.07166511993149;0.0006040580468499;0;0
381.8206124870546;410.21230052394907;0.0;0.0;0.0001564739101591;0.0;1;1
308.7111760867151;510.0323616868482;0.0;0.0;9.09367131550318e-05;0.0;1;1
205.78371079359536;381.7229726032522;86.48143109907845;118.07333235420997;45.0711580307419;0.0003140798692046;1;1
348.69121503631976;351.89293600280854;0.0;0.0;0.0002454881265629;0.0;1;1
324.9888219301046;441.6438740083378;0.0;0.0;0.0001423946846126;0.0;1;1
200.04543044212792;0.0006121614102087;91.20687654286488;218.65999141836832;4.038297866911433;0.0013005002741374;0;0
430.9284703504727;338.92058468130523;0.0;0.0;0.0001135084629788;0.0;1;1
406.62286280091007;406.2498116722373;0.0;0.0;0.0001839694060177;0.0;1;1
342.55894574458705;558.232212522706;0.0;0.0;0.0001328871034026;0.0;1;1
337.4422759709396;540.9362983831338;0.0;0.0;0.0001273673094643;0.0;1;1
288.7948631581911;493.3021400180448;0.0001853128366002;0.0002559090885779;0.0008255066382793;3.945841030152895e-05;1;1
293.3796072611535;335.1137623174115;0.1128940353328496;168.11058081679002;4.585291639598989;0.0007288424692969;1;1
180.2854658208861;101.71701751185633;43.89163897768567;387.4627333017814;22.93340123111902;0.0006384256892626;0;0
161.05207347468053;43.49323535008547;39.696256693950225;244.83071277923352;24.566363217743003;0.0001830592177641;0;0
336.4138634588461;509.8966151218462;0.06464034846571562;48.19475132985651;20.586839439847616;0.0;1;1
399.96613956443537;486.2059072690811;2.182664909289728e-05;0.0;0.0003294223210417;0.0;1;1
445.9512664723631;559.0090670205358;2.530345854410133e-05;0.0;0.000339557489689;2.301302291290037e-05;1;1
454.4580391217216;343.1587981736212;1.0761214820687923e-05;0.0;0.0001762735960968;0.0;1;1
234.817741073698;426.757438109084;11.210948552947517;140.83272995624785;9.763398260477253;0.0002280184148296;1;1
639.8906450087964;248.1432166290984;0.0;1.1277093626282077e-05;5.517318706186509e-05;0.0;2;1
368.77211626766;576.229053251495;0.0;0.0;2.9873742451776467e-05;0.0;1;1
325.5023758381255;488.6991589140016;0.0;0.0;7.75002028469828e-05;0.0;1;1
428.76711465066114;508.86512951976215;0.0;0.0;7.531322442777433e-05;0.0;1;1
406.80864715768286;335.0007158273396;0.0;0.0;1.1219159681665931e-05;0.0;1;1
280.95036829241536;159.42403441426072;0.0224037783350872;259.40640184331016;15.51381122785515;2.870485713159032e-05;0;0
367.588766677241;533.0284440748367;9.075988461433751e-05;0.0615117245166265;0.0013914963147639;3.6263996272754766e-05;1;1
297.0266751913654;431.1688158425573;0.0;4.408350020874765;9.565774629840707e-05;0.0;1;1
398.7042414554937;614.6555031772469;0.0;0.0;1.273271315999502e-05;0.0;1;1
336.92546477772606;535.2564964703229;0.0;0.0;0.0002166129493588;0.0;1;1
320.8254402791548;428.8032504322719;6.965782542028852e-05;0.0001977347835592;0.0005799732558318;0.0;1;1
130.0078629012526;0.000646571183469;2.5492026717474423;333.914408068497;26.649816021912187;0.0022876904961411;0;0
191.00587456250332;132.75275051779548;51.27225668995082;239.31264428086848;22.39664720759937;0.000407566085252;0;0
810.9523192555233;8.55936083205838e-05;0.0;0.0;7.317018383769323e-05;0.0;2;2
379.713767516784;382.23909342149096;0.0;0.0;0.0001017157296557;0.0;1;1
340.9262091629919;603.8702881952876;0.0;0.0;0.0001235642656861;0.0;1;1
333.5934240304437;583.3111439319259;0.0;0.0;0.0001657054537322;0.0;1;1
647.3762443943738;181.20496359489408;0.0;0.0;7.938136528286719e-05;0.0;2;2
359.2904412319464;432.4986735500253;0.0;0.0;4.125835427462328e-05;0.0;1;1
361.94017037629794;477.6196778508223;0.0;3.159538342308106e-05;0.0002378999116299;0.0;1;1
311.530979631689;529.2918946010459;0.0;0.0;5.189001928415337e-05;0.0;1;1
395.1166751253849;549.5524768144073;1.1862302406384774e-05;0.0;0.0002761761271769;0.0;1;1
321.7237158371443;486.2403149687346;0.0005037023015742;0.002806201376975602;0.0020728756616493;8.673684200755606e-05;1;1
405.6606515929628;418.6393092025256;2.4893483589005368e-05;0.0;0.0002752918939929;0.0;1;1
407.5810957258208;434.9749472871002;0.00035240286447937603;1.9478447966515562;0.8316765671435984;9.043355519733588e-05;1;1
330.17127400304645;566.1233896011041;0.0;0.0;8.29082651650709e-05;0.0;1;1
430.8985801412017;380.8575240511466;0.0;0.0;0.0002163586644271;0.0;1;1
228.02982374568413;126.98953594328532;23.625132546117936;311.67053071823176;35.41755080746745;8.733186512932539e-05;0;0
345.3912520153932;466.0724727313024;0.0;0.0;6.495090381541648e-05;0.0;1;1
315.01778817122846;251.06306152614937;13.345767861725788;58.83216065776857;0.0002733123441445;9.695305287227018e-05;1;1
211.2912710277548;383.7927363776848;11.973596340250314;158.55161398772336;0.6707665884202545;0.0006522743315093;1;1
356.1890590753278;449.0882152612365;0.0;0.0;3.839219163065246e-05;0.0;1;1
397.6801597489583;483.7223524985979;2.315710877965024e-05;5.437161942647417e-05;0.0004408094908397;1.0874015051253144e-05;1;1
398.82917172668607;581.6793314754291;0.0;0.0;0.0001357520749637;0.0;1;1
345.9707381297975;476.0188662308384;0.0;0.0;0.000206012203691;0.0;1;1
245.34710980069545;567.882792706181;0.1101644999403013;123.238244163672;52.6125230910598;0.0;1;1
363.6382462412544;477.6808824076693;0.0;0.0;7.429735902512857e-05;0.0;1;1
392.9101784359572;375.8212403961289;0.0;0.0;0.0001954546261223;0.0;1;1
344.92592602132135;483.6778412768279;0.0;0.0;2.177110888980066e-05;0.0;1;1
588.4805329957662;192.44823868274275;0.0;0.0;1.3003095154669636e-05;0.0;2;2
111.01107890629342;0.0001225135827671;0.0002757498704344;0.3556603925757762;0.0216041192023608;5.45511484550676e-05;0;0
275.63528975514555;600.9507655339165;0.0;0.0;7.022345107219256e-05;0.0;1;1
300.8193892412976;512.7467391704816;0.024929069442215224;29.97217217765832;12.795271859497078;0.0;1;1
285.7241941540369;411.342462964942;0.0;7.250994479322026e-05;0.0004127054565166;0.0;1;1
172.15887660424875;180.16340807158903;114.4834176555494;316.720909915274;18.08273633102705;0.0002970903063375;0;0
396.6255893602624;552.7186641557436;0.0;0.0;1.132129647334618e-05;0.0;1;1
282.4076648720841;401.1954802507285;0.39208000402536114;190.83515687811746;26.448360328893195;0.0001301534622844;1;1
395.4337746261058;597.1599441672438;1.1488059159318175e-05;0.0;0.0003068307627798;0.0;1;1
353.6475353768894;350.2635579446683;2.254942576319469e-05;0.0;0.0002090601927488;0.0;1;1
291.18972074050777;352.9350849035851;1.1909809700362494e-05;0.0;0.000434890613322;0.0;1;1
338.3056564903173;422.792311476553;0.0001301235054439;0.0009157446646465;0.0009982042456541;0.0;1;1
133.6407901319134;0.0004675500258277;8.942603171094975;86.2506774736913;10.492708890435996;0.0003132409604693;0;0
342.1192128530771;428.0523747739291;1.1961612555036694e-05;0.0;0.0004402326987275;0.0;1;1
494.3337993098363;16.155766781809216;0.0;7.389887732014419;0.0002603889382388;0.0001803316580519;2;2
349.581190190804;498.4680063220723;0.0;0.0;0.000163717627204;0.0;1;1
293.94858816529364;389.9931187034335;45.758477400549864;57.07615320663589;1.6603569186160954;5.081213142750972e-05;1;1
82.64655633121691;20.691113207694013;38.46459583915738;290.0875221754962;1.9182327429667143;0.0001501372548129;0;0
352.28251137484403;337.1787679883433;0.0;0.0;0.0001227095942615;0.0;1;1
402.6605344239431;388.6455053015479;1.1865192200280082e-05;0.0;0.0001883322446114;0.0;1;1
134.5090332690234;0.0001289445440676;3.0438979603114444;40.23222428265265;14.679717747151102;4.430459382338532e-05;0;0
347.3987082011274;394.0870267368877;0.0;66.84067286834129;0.0210232812191102;0.0;1;1
370.8470121698078;571.9999082291536;0.0;0.0;0.0001162419609967;0.0;1;1
413.0619754490979;439.0096822745277;3.63544532130906e-05;2.246502925490392e-05;0.0003958037833865;0.0;1;1
387.67923928658206;350.8284148232496;0.0001727701882175;0.0002463400164334;0.0006353661725827;3.166962488573269e-05;1;1
284.6882539896418;558.2172718575625;1.6916847834316016;0.002905802228111;0.7233978480882197;0.000346778737603;1;1
125.7362150641621;0.0001033282643405;0.002307625258107;119.07916738473196;18.636589536051417;0.0003197243031678;0;0
756.2000662831645;26.766484988711973;0.0430176080992125;12.140343885640792;0.0003359704770625;0.0002170476103949;2;2
365.6498284928298;582.4383863748723;2.2326186075476583e-05;8.64008970693179e-05;0.0004831177365328;7.05429183912577e-05;1;1
89.88108271263141;6.263002365104719e-05;0.0006584732601114;60.28922983989929;24.829360405326604;1.5322691603659006e-05;0;0
365.1339965955429;513.718577362424;0.0;0.0;0.0002522745655306;0.0;1;1
328.4425245120798;480.2931150197144;0.0;0.0;1.0071471298264554e-05;0.0;1;1
303.11583158331564;599.6449294234117;5.42638932135354e-05;1.029314949419142e-05;0.0003284157281413;1.100371388782015e-05;1;1
398.520852304567;410.6054477136565;2.569203500445035e-05;0.0;0.0001501084988642;0.0;1;1
356.7218389647559;540.0478553600041;1.1634864644165128e-05;0.0;0.0001324318240272;0.0;1;1
405.6595816027316;499.963323580912;0.0002956011237257382;0.00023698925183748075;0.0006791750902784;9.23610074624438e-05;1;1
277.177809995357;535.6797376723844;0.0;0.0;4.773008616225439e-05;0.0;1;1
808.9847857224354;48.69271430538936;3.7023921672081775e-05;4.340198926001607e-05;0.0001942155311445;5.046647368686776e-05;2;2
396.3199927718307;403.8433848824265;1.1278206617790566e-05;0.0;0.0002173037542337;0.0;1;1
375.7891932719392;614.3405793923104;1.088717364990177e-05;0.0;0.0002154489055662;0.0;1;1
440.8661602548715;507.0695486734863;1.0422630385309456e-05;0.0;0.0001764462528116;0.0;1;1
454.0206082879336;310.3419669543497;1.0566389830252577e-05;2.5634534783087868e-05;0.0002274694159854;0.0;1;1
318.3171278425309;571.1818246174836;0.0;0.0;0.0001114197848383;0.0;1;1
367.4622513271229;376.0881419653582;0.0;0.0;0.0;0.0;1;1
106.8362779810836;0.0001809204161453;0.0007257866617773153;28.89971501837165;1.5916133839309672;0.0001080855286944;0;0
275.05104380570214;0.778083923365946;25.39403839205525;167.1247313336571;24.18850728215125;0.0002170863889017;0;0
193.32287579287865;117.3343480315585;188.2504237539454;326.1023456454785;9.581968951807204;0.6719871635436964;0;0
319.93578872877544;587.3138740874009;0.0;0.0;2.068810980844792e-05;0.0;1;1
242.18406477223144;325.8704054970419;84.93418792816325;66.92500180806722;13.793221341748236;0.0001717086616282;1;1
341.7234371099733;510.9234300396808;0.00011494255863670148;0.0020770609636967022;0.0016831143946355;0.0;1;1
380.71040436626;496.848989020892;0.0;0.0;7.815844365321212e-05;0.0;1;1
86.69256376601645;3.509879921827127e-05;1.281479417302073;82.51398637700383;35.753627009675625;0.0001425924596523;0;0
810.9795571328366;172.29348450156755;0.0036132657197729;0.696625741741093;0.0004959184055062;0.0001711286954941;2;2
421.7837859141964;405.3611900840914;0.0;0.0;4.260001193155438e-05;0.0;1;1
390.7186145419343;523.8222910586163;0.0;0.0;0.0;0.0;1;1
405.1045310211396;373.5880939973055;0.0;0.0;4.1552788270802607e-05;0.0;1;1
301.46428672000616;419.7106405641504;0.0;2.327246018175752e-05;0.0003571300677159;0.0;1;1
384.7972068309637;586.2102024806063;2.1239792554025248e-05;0.0;0.0004406336710354;0.0;1;1
326.0408054983959;397.505722766718;2.2979091546670385e-05;0.0;0.0002936323335631;0.0;1;1
303.26553840979227;416.1719222112243;0.0003031946116296;1.3293615668439547;0.5677797639056554;0.0;1;1
427.6428108371328;1.9708407829083607;0.0001622876581086;0.0013729287203026;0.0008163851564994;0.000124154543951;2;2
372.2466854444567;420.3747532982886;0.0;0.0;2.6816877591423328e-05;0.0;1;1
13.477269855216845;9.455246147088012e-05;9.560103768475326;417.6704025438589;29.851564469207347;0.0004812839029063;0;0
355.3849804846221;497.5509141022171;1.1347529428308597e-05;1.1529069924158426e-05;0.0002790341316245;0.0;1;1
327.78834924137664;447.8139994292584;0.0001721705060615;1.2137696315431473e-05;0.0004561255485916;0.0;1;1
327.52217763126026;373.19988116872105;0.033059305599443284;37.74734447165868;16.116355913397356;6.648468670193522e-05;1;1
349.13410777484887;419.13258404852695;5.551678349903663;74.94049679754498;0.0015883910443836;0.0;1;1
345.16608865277243;583.7205130775541;0.0;0.0;0.000181128301373;0.0;1;1
236.0046611592153;0.7773773230437194;0.020043271416320133;322.6037148810606;29.944028716665827;0.0003801491689782;0;0
325.9714351803745;466.4714051347248;0.00010647108343257951;3.297033742814865e-05;0.0006245236055419;0.0;1;1
379.9136925397944;458.3004599196105;0.0;0.0;0.0002116195802225;0.0;1;1
316.6242084609515;539.4099930352056;0.0;0.0;2.820807726606628e-05;0.0;1;1
327.3748925835708;579.9003793474985;2.2707193226733457e-05;4.087945909699558e-05;0.0004648776930234;0.0;1;1
381.9377733360855;500.8483055811949;0.0;0.0;0.0001814269514094;0.0;1;1
168.06164634050592;235.4352885147755;123.77618181393952;135.250410606338;8.379819900426927;0.0003969504002982;0;0
590.9294277598487;142.79728677016655;1.1555037281202914e-05;1.0013232680762325e-05;0.0002588386959658;3.5645263338929955e-05;2;2
393.9420688511091;517.5589111528564;0.0;1.3010560614730878e-05;0.0002433036140622;0.0;1;1
396.77000983031127;575.5537831324184;0.0;0.0;0.0001501090307666;0.0;1;1
423.2310281723724;401.2602699345328;1.0264439893549631e-05;2.2820996798069564e-05;0.0003724378846973;5.1751604994906406e-05;1;1
329.3683380824043;381.9207549186304;0.0;0.0;3.368020920849881e-05;0.0;1;1
327.88901974304565;338.58243374069013;2.367431363204285e-05;0.0;0.0001867592041969;0.0;1;1
78.67696678789585;39.41220824233825;1.9913027663963976;461.4811399265428;63.64343360008087;0.0008169008751474;0;0
413.684804490296;512.5177693289017;0.0002216581190823;0.0030223130058951;0.002236149943676;3.399685086250105e-05;1;1
424.4519020578592;348.1689679188505;0.0;0.0;0.0001381403154561;0.0;1;1
323.71552780976015;434.3655640538359;0.0;0.0;0.0;0.0;1;1
363.7794496736526;341.5719756253872;0.0;0.0;3.3746678108293894e-05;0.0;1;1
345.384016991989;569.1304392037322;0.0;0.0;7.853008488817705e-05;0.0;1;1
333.6914703269304;587.6218499738881;0.0001125316822134;0.0001617448170619;0.0006350036037649;0.0001875826665591;1;1
332.05455804668634;412.7583875719957;0.0001330667127407;0.0001689689547138;0.0006398098676854;0.0;1;1
355.91856445486354;570.7572519723136;7.604682265232558e-05;0.00014473800968;0.0005498466596044;2.3769191445573698e-05;1;1
278.4585562053203;420.97606009589;1.0525276940711323e-05;0.0;0.0002423056613472;0.0;1;1
680.3284029289332;103.94304656652496;0.0;1.3846251314135397e-05;0.0002119689961415;0.0001714531474643;2;2
266.5822994814108;402.0711978042783;0.0;0.0;0.0001259768513852;0.0;1;1
326.96239444355456;546.6539187585815;0.0;0.0;0.000162234333127;0.0;1;1
355.0988405860137;535.0850452741039;3.599505075832252e-05;1.2881190798390676e-05;0.0001698263368854;1.0088772712100572e-05;1;1
369.1515510677773;343.0863514338402;0.0002350865986502;0.0004712548188346;0.0008288832618658;8.642089268629891e-05;1;1
484.3776164030248;261.3602548543106;0.0;0.0;0.0001776993077651;0.0;1;1
25.46109496000824;30.083190179752044;122.50441650554419;301.14854494499383;1.728654082224249;0.0003924971385298;0;0
441.7830816818894;392.6236129571138;0.0;0.0;5.466155924993569e-05;0.0;1;1
296.082166069992;409.7289387424765;0.019966751585167;7.12400524879706;3.047068756041683;0.0001434718155898;1;1
336.1238260208046;535.5580019410485;7.44222516714234e-05;5.761928773694234e-05;0.0001763719738532;2.9371466551005458e-05;1;1
42.06795273005318;123.58806716960204;5.164857610247823;341.37128087871184;0.0017741937739124;38.32557244444798;0;0
336.89578540500963;345.0882144792951;2.286875658085656e-05;0.0;0.0001531211285887;0.0;1;1
400.9478132124577;446.9216027422305;1.1463500600071907e-05;0.0;0.0001368293459976;0.0;1;1
395.1130648750099;440.4629222454271;0.0;0.0;8.276632687687415e-05;0.0;1;1
152.07478044493217;224.4329643952708;0.1470849664028825;470.040748852954;77.14121702309544;4.679638244497739e-05;0;0
609.7313050781166;272.5676475163564;1.134882833223633e-05;0.0;0.0001130850564157;1.096885944923732e-05;2;1
437.33796894000375;473.6016979479116;1.0479873126363066e-05;4.082158584411229e-05;0.0002886432715335;0.0;1;1
315.683693255762;358.3543665929895;0.0003855986548042625;21.668295736053217;9.261890112936047;2.5296674850329525e-05;1;1
375.34182718771416;338.88938596735744;0.0705466700945556;92.13753880276825;6.009767136667758;0.0001061423834064;1;1
156.64133252331507;122.29862869342716;134.50027506727645;390.43621961558955;43.71037250196372;0.0003368987732152;0;0
229.9062594401925;66.38585052389406;0.03175866933335184;200.6030380668776;0.0014353996494171;0.0006284412232859;0;0
336.79508749706173;348.37741433541083;0.0002267286360337;0.005092539855112924;0.0029386744123786;8.24074708085277e-05;1;1
336.450047829154;474.7986480727719;0.0;0.0;0.0001036900979948;0.0;1;1
366.28662108697193;529.9569484503359;4.643465364397088e-05;6.662835752393393e-05;0.0004175139178202;0.0;1;1
329.3173319457532;390.0431493822026;0.0;0.0;2.324707785978133e-05;0.0;1;1
21.04465756985548;0.7785961063767407;41.26269889719609;330.2647837570175;54.37192516890471;0.0006498178510904;0;0
283.35276371538896;158.45404221029742;0.5282095116574607;216.6397991397523;6.724268614463593;0.0007336477399757;0;0
277.26457740563023;281.1201200272434;65.18059003931533;48.61764547984039;20.767662074792423;0.0002556068142272;1;1
363.9613782446697;406.8918749954043;0.0;0.0;4.219928045973328e-05;0.0;1;1
73.19502400781806;36.03522996303975;17.6436182737256;327.9799842820089;15.754383916253204;0.0007276231962968;0;0
326.67081040397443;308.55000033897767;0.0009676423379417005;82.95068065499665;0.0022941031971317;0.0002193950181354;1;1
402.97608914052233;493.2139924286733;0.0001216911711335;0.0027540860795717;0.0017698200788801;4.309236030717858e-05;1;1
628.9811455489012;135.4263535917977;0.0;0.0;4.801788987938486e-05;0.0;2;2
373.88770775236674;503.3086478309913;0.0;0.0;0.0001070524822272;0.0;1;1
343.00402351024496;507.039928533806;6.260515836934519e-05;0.0001308875474792;0.0004421004145156;0.0;1;1
220.2716231506696;236.74629329061628;0.0794757803666444;241.47174985479268;4.927588618267746;0.0001963381651133;0;0
327.8804630142966;547.455549830981;0.0;0.0;0.000136053796016;0.0;1;1
369.7207073964987;430.9114083749864;0.00012605730877216775;7.085832244726212e-05;0.0006815212990894;0.0;1;1
357.4024603886023;450.8426776865514;1.3147160126202557e-05;0.0;0.0002012839003226;0.0;1;1
281.4417021177576;560.5865524596624;0.0;0.0;8.009937375790563e-05;0.0;1;1
800.1809640854276;1.0149095208488446;0.0;0.0;1.2394934086302022e-05;0.0;2;2
300.44033810272845;507.53636824859865;2.242423134948813e-05;1.1325905302167e-05;0.0003161510191934;0.0;1;1
376.7312143866977;438.131126142741;0.0;0.0;1.116560704679671e-05;0.0;1;1
371.537417293511;617.6947217818326;0.0;0.0;1.2274110311808404e-05;0.0;1;1
212.36498439796048;214.16815371387105;0.028207735106618757;287.07028983404683;24.167015721065404;0.0001242925413705;0;0
107.06794132751676;232.06650361221503;32.42349448367762;385.1656380389547;85.62797494914503;0.0;0;0
270.9849592644292;0.7780717679713822;0.00032917156564828717;0.002400872406402601;0.0018207410760919;0.0002258469325992;0;0
328.8525222740752;345.12436560643016;0.0;0.0;0.0;0.0;1;1
360.0150287156069;336.8916852838374;3.328073137255569e-05;0.0007659337622118;0.0007324186423967;0.0;1;1
389.7722956024895;548.4484818136614;1.1161105545005257e-05;0.0;0.000145055543268;0.0;1;1
673.9223879837048;198.33972909615096;4.768936629584798e-05;6.469230027609645e-05;0.0001891023779125;0.0;2;2
291.51671197025894;604.9827291562849;1.0473756132887376e-05;0.0;0.0004150391161142;1.317418113161246e-05;1;1
337.7400597729296;592.1963233826408;0.0;0.0;0.0001541992476155;0.0;1;1
28.8743192519759;23.41849010962617;65.558289488796;363.0826378855841;29.44152433238476;0.000651503597706;0;0
230.00131845569865;379.56974185165296;4.90001303016662;236.2374653144774;49.44415415957086;5.6508096007313626e-05;1;1
356.9337088180021;491.0045937856113;0.0001719168470663;0.0001147693866615;0.000655690908307;0.0;1;1
809.4244598051521;48.37285343184281;1.0978668538126702e-05;1.1939651780485027e-05;8.642693295909595e-05;1.282901326124122e-05;2;2
882.9117021491497;0.7777414856214406;0.0;1.7042724308035065e-05;9.661325729761508e-05;1.4352348668742191e-05;2;2
410.2663484198206;603.3372289516584;0.0;0.0;0.000157139345123;0.0;1;1
823.7906195856024;27.150301295391053;0.0;0.0;0.0001866273396017;1.0156892059802263e-05;2;2
423.2738349583355;530.3393933096914;0.0;0.0;0.00017539198114;0.0;1;1
85.40769781093849;0.0001234240435606;0.05333655924873195;23.010972134042728;9.700435205278954;0.0003063276328066;0;0
380.38086876715374;439.61809260656696;0.0;0.0;0.0002232534758168;0.0;1;1
295.12177987420995;578.8616864624651;0.0001947777915021;1.3564010806581417;0.4057905991284628;1.0058948480527313e-05;1;1
347.44509544611697;384.75368764790176;0.0001874624099989;8.9867365321049;2.1608502855212937;4.720805915359019e-05;1;1
343.35748325729435;0.0002120776240251;8.922498897708659;124.59296000128943;2.0832506133415194;0.000312116063214;0;0
85.03599284011783;74.40544503424029;1.3012455772528029;213.35726617257552;0.001184824207718;4.3738303937203314e-05;0;0
380.6713274195007;469.15341448405326;0.0;0.0;4.078229198917315e-05;0.0;1;1
234.8265627020905;340.3117097948216;50.1427008228958;38.75542653413913;16.552215990969685;1.6627317678545103e-05;1;1
360.2246562967097;427.0569837979873;0.0;0.0;0.0002300824772043;0.0;1;1
261.5196474191357;342.55976868132115;21.39325986052785;126.71550822512565;28.115163265244547;0.0001634490927915;1;1
40.20870340413086;84.06636456658242;33.52551252409199;451.839534144752;94.6345061522258;3.192259045245988;0;0
132.32736966527705;8.32581662638076e-05;0.018211475846648065;196.8233154627505;23.940463692714708;4.401256915480706e-05;0;0
260.7018992878158;229.40896660199087;0.0005078229019466662;109.97356970489469;13.38653243815542;0.0003819454991279;0;0
312.81694907933127;239.21921349509063;0.0003166283700261702;0.462411656207549;0.0012761532868956;0.0003074824136836;1;1
684.4897207071466;186.9565114050262;2.0886378304111662e-05;0.0;8.579868958729048e-05;0.0;2;2
340.6404192881006;467.4778695156541;0.0;4.316760869783806e-05;0.0002225206430157;0.0;1;1
443.9325156941082;437.412521046904;0.00041902495852989347;134.86518521580052;0.422073456540371;0.0002053359823039;1;1
668.0898907411417;96.58419809170896;2.661202446276677e-05;0.0001240959541888;0.0001810157869442;0.0002130063177723;2;2
313.11076877037874;468.81180271444543;0.0;0.0;2.2856895534161285e-05;0.0;1;1
116.89103063898936;0.0002087476204893;0.02581320623988378;135.44100580312897;22.44537939733012;0.0001093974964373;0;0
659.3879475740022;6.126672423301974;0.0;0.0;0.0002933690127463;0.0;2;2
313.2176802249636;356.0344295352832;24.541657756790528;79.42295445392018;0.0008946533323632;8.296492422246261e-05;1;1
372.3906192054235;462.7333580942572;3.806991763706059e-05;4.082595517439576e-05;0.0005748025612786;0.0;1;1
325.97691669956566;449.953276573216;0.0;0.0;4.97141453566961e-05;0.0;1;1
701.3656989171288;46.14997973351614;0.0;0.0;5.007457139093582e-05;1.104142110228493e-05;2;2
930.166878441498;3.7211852684581777;1.4264048947211004e-05;3.317581540232729e-05;0.0002871605851916;2.8165009066643367e-05;2;2
278.9380897118111;517.2017839747324;2.2952658168252304e-05;0.0;0.0002010695374711;0.0;1;1
309.43827016381823;389.04983069009273;0.0;0.0;3.630316692134255e-05;0.0;1;1
60.1558800700075;31.91195225438736;34.452088841683775;253.2156621919884;0.0010178001876413;3.972470197559504e-05;0;0
360.1358826842583;453.0431881039843;9.174870598994076e-05;125.86376053677029;0.0005487694836095;0.0001023054004538;1;1
352.79704313818576;459.6266066368276;0.0001188565491137;45.73646530497697;0.0016312023334669;3.096403500426359e-05;1;1
348.50598596231225;355.4034676150833;0.0;0.0;6.803707459519104e-05;0.0;1;1
353.5337682305239;607.4095063662711;0.0;0.0;0.0001597388793788;0.0;1;1
365.6683974397433;342.34837074484903;83.1705451949971;21.29229414492546;0.0022818825116588;0.0002167303581857;1;1
692.8954693669091;5.148771595651858;0.0;0.0;4.6334575056321714e-05;0.0;2;2
385.5001939673524;553.5142639595774;0.0;0.0;8.422954381604388e-05;0.0;1;1
319.42561594867897;439.2465914964224;0.0;0.0;0.0001610606282027;0.0;1;1
356.11947549552923;535.7044492969205;0.0;0.0;0.0001663842426024;0.0;1;1
357.116219245532;398.8427900532944;2.191110402937829e-05;0.0;6.795358909947381e-05;0.0;1;1
525.2508818890819;19.658095614637528;0.0002655661355525;89.00615814569726;0.0008409378203526;0.0004410029837721;2;2
166.00816018729464;372.32611623023706;9.852123309953079;183.21406673691058;10.709046287833443;0.0003258923320692;1;1
219.92728194823832;82.68915452216505;0.0005071769548218;93.90096851364721;3.934642018369344;0.0001995095313024;0;0
322.3046473040676;601.8370351588549;0.0;0.0;8.938127518227295e-05;0.0;1;1
302.39616137072204;589.0019728432686;0.0;0.0;0.0001165740888593;0.0;1;1
400.84586667363567;414.3080766274271;4.6703126538878446e-05;0.0001385275294991;0.0005468967638186;0.0;1;1
185.93264273609736;73.12477089853341;0.08266744905939047;361.3264893295352;47.09601661029123;0.000260056064611;0;0
435.0633411346462;353.1660678080839;0.0;0.0;2.5559046653319825e-05;0.0;1;1
351.79807299096603;613.1762111274863;1.128627858241376e-05;0.0;0.0001824597437114;0.0;1;1
389.8466914222912;592.3296676425429;0.0;0.0;0.0002116642282815;0.0;1;1
340.6764376894505;271.8971126844814;0.0088932516934912;141.2509129458581;18.898182138139944;8.164944305822756e-05;1;1
385.51470085167017;433.5392753495461;0.0;0.0;0.0001095622922915;0.0;1;1
20.24845164774312;0.000278617716442;10.876477330056584;168.28120279235557;0.0024585705586923;9.764457930035396e-05;0;0
316.54856269350586;380.2795297010912;0.0;0.0;3.753627057890108e-05;0.0;1;1
303.4674106800186;557.0409659480806;0.0;0.0;3.4198017632918224e-05;0.0;1;1
412.8987449449777;589.4242349972909;0.024626507917149904;4.331928177575048;1.8590700586235889;0.0001063624142635;1;1
331.2051052008917;491.0358291536548;7.112347293054643e-05;0.0001362921274908;0.0004236108234866;0.0001001285884982;1;1
294.2501763996702;418.7528913723762;0.000429307803858;69.23364775537844;0.0034367315792683;0.0001182742360406;1;1
166.5152697910881;69.23359002873885;10.216705633469127;291.9270077013504;0.0020253405717495;0.0005342825050064;0;0
193.30982366322;45.08964885950961;35.113298757301656;436.4558896758874;37.43120173653669;0.0006602972598582;0;0
354.0721127270058;434.1997391538308;0.0001829159313014;0.0017161867603653;0.0014314462088923;1.2531700421634252e-05;1;1
232.1347425567957;288.05642590938663;0.0705399197400118;125.7642646275965;15.055922100508646;0.0001964144768904;1;1
373.6107510447207;511.54001546274816;0.0;0.0;1.047663387257588e-05;0.0;1;1
328.560628680679;419.9527649338311;0.0;0.0;0.000134590528753;0.0;1;1
354.83711199791594;553.0623784454446;0.0;0.0;0.0001592574715411;0.0;1;1
649.2085057740435;205.32710107815657;0.0;2.133013314430376e-05;0.0002632192159574;0.0;2;2
184.7281006302326;203.38609676682444;67.40624312638307;300.98405778437717;2.167127913785836;0.0004291141034335;0;0
781.822277406219;161.4320098036903;0.0;1.870312526223144;0.0002736288851456;0.0;2;2
55.43531187849948;39.42472256618519;61.7170108075024;363.6455897294184;0.0020383931229534;0.0007139777224468;0;0
326.86640442545524;542.574083521796;0.0;0.0;4.7760360186760406e-05;0.0;1;1
373.1897918225235;369.3697843209663;0.0;0.0;4.532458601540031e-05;0.0;1;1
450.8850247193837;537.5290796726845;0.0;6.518512595297481e-05;0.0002509155062827;0.0;1;1
303.28989213260445;371.0055527406212;0.001328043473283;0.0012713426768070002;0.0020518407709857;9.00433378434229e-05;1;1
288.11360595876084;304.11822175878046;11.105656477324073;60.09377666493474;18.831158158244182;0.000161314298291;1;1
452.4344512283057;571.5058756130919;0.0;0.0;0.0001282135275455;0.0;1;1
387.3946344680757;582.9013538148231;6.305300717481248e-05;0.0008597500582072481;0.0008177150692913;0.0;1;1
840.8220524530584;160.8072500768416;0.0;0.0;3.92775850004339e-05;0.0;2;2
705.0142362953695;67.98781631042944;0.0;0.0;3.014032307411688e-05;0.0;2;2
418.3682967099006;541.8586155372298;16.134853369017684;0.01783624230783387;0.0012424495924817;4.263803348142604e-05;1;1
116.74432325132273;30.31893863366194;64.35603826369596;352.6783658620476;15.023729877344104;0.0002893162687327;0;0
369.85715229332334;587.013883122142;0.0;0.0;0.0002036139466623;0.0;1;1
425.8224509360669;481.32072928395;0.0;0.0;9.024376683692708e-05;0.0;1;1
181.09791287563576;0.0004370062893448;24.512565562619166;98.24362773414347;0.0032179522356356;0.0011131155473602;0;0
396.98585148412695;525.3235040162995;0.0;0.0;0.0001560755179279;0.0;1;1
867.0638904872312;50.029292571115455;4.867545020032717e-05;5.466226641253742e-05;0.0002354439538122;9.129479465166772e-05;2;2
374.500970664607;460.35671243406193;27.58258491147555;4.469428833768268;1.407001767241001;5.519320248946791e-05;1;1
352.3734423666267;345.416307309734;3.354240057435182e-05;2.744552528110108e-05;0.0004902903240613;1.0102841986409328e-05;1;1
379.5906124238317;599.859323158526;0.0;0.0;7.63583315997256e-05;0.0;1;1
369.32251676232335;37.4649242174595;0.000242788292635;9.629595398664778;0.0008202010457816;0.0002775146280736;0;0
286.256995836798;567.3610147916839;0.0;0.0;2.5343992445495364e-05;0.0;1;1
248.90831290131823;264.8490234474199;2.159011586445016;215.3674287737159;43.06653590199673;0.000173515945865;0;1
411.6830968362609;351.13401672315354;2.3476003369999216e-05;0.0;0.0002230023900112;0.0;1;1
715.4187474079766;15.15366973616415;0.0;0.0;9.391707093098108e-05;0.0;2;2
427.6091011529846;399.02888314620856;5.067529825048877e-05;0.0003082791873087;0.0004508350150356;0.0001978616682615;1;1
82.65061594123243;0.0002625982314293;59.11732885699092;69.73986003033355;54.96245103380656;0.0003336281767652;0;0
304.7805891536398;0.000223445490636;0.0011462285541154;0.3242594497715548;0.0038010359795158;0.0001124947744701;0;0
303.2476092373385;127.54543201029884;11.977720445735017;230.61914833374595;0.6567437045304605;0.0002522419598198;0;0
384.3284254049357;366.5107954615336;0.0;0.0;0.0;0.0;1;1
385.6695705264238;512.3206170952948;0.0;0.0;0.0001093185451286;0.0;1;1
403.4556967721205;465.7989659820432;0.0;0.0;0.0001741940837144;0.0;1;1
325.18525813486;364.66082435351103;1.413853318815036e-05;1.1889406416344591e-05;0.0004568359950861;0.0;1;1
290.7015954190466;477.88818976963057;6.191311581984245e-05;0.000144697010742;0.0005112690641583;5.3869844623390815e-05;1;1
348.7909182072369;252.24618636639684;14.967535205373634;6.963251184906009;0.0490266643175412;0.0001420328817929;1;1
383.7905167861633;586.680095509291;9.041930732412324e-05;9.814977685037504e-05;0.0006542100965864;7.432491882139882e-05;1;1
424.10449796298246;340.0637978983034;0.0;0.0;0.0001276671272361;0.0;1;1
313.8053769313128;231.4158460610737;71.95125135985428;173.47228439091108;14.908815933788198;0.0004807105463034;0;0
578.6626916097898;363.3632405518345;0.0;0.0;7.858619586118713e-05;0.0;1;1
317.1446455680252;394.38630916225344;1.0809224206914988e-05;0.0;0.0001891522954651;0.0;1;1
222.8210752641855;39.77750012738896;0.014462123042425907;161.30885198306328;8.224047847479262;0.0007937357200035;0;0
283.27013240437253;453.3813244023433;0.0295863830521507;6.509601308670621;2.7909022309873937;6.580679191309367e-05;1;1
322.3782283831814;45.19846244116003;0.0001792980905734;0.0001630916813475;0.0007401265997488;2.6750087422360342e-05;0;0
408.38133536057256;556.5799418195159;1.0554698543026602e-05;1.0137111840587369e-05;0.0004589628548668;0.0;1;1
368.4157099917246;454.701524601196;0.000118641749328;0.0014159078698218607;0.0014340647042243;0.0;1;1
602.639911212296;203.40576458819515;7.485150563135656e-05;6.328893684767699e-05;0.0002240372221248;1.345456495920995e-05;2;2
363.7277594397616;452.7241892995278;0.0;0.0;5.691568130693535e-05;0.0;1;1
417.63429463021777;382.6279046774902;10.149049404331938;0.0001703157042411;0.0006354592748826;1.3862295390951066e-05;1;1
391.7240241476192;458.6504692752194;5.834550200832371e-05;2.500459538096049e-05;0.0005148338734143;3.6744294918343645e-05;1;1
374.7850795186929;446.3290122662714;5.472410270468277e-05;7.227567992336404e-05;0.0005232044734838;0.0;1;1
407.4846304288227;342.18696892116185;0.0;0.0;9.442719020574624e-05;0.0;1;1
770.4808864234324;6.893880181808145;2.1087111029768323e-05;1.0459274982152e-05;0.0001653508393669;0.0;2;2
363.8718977537053;373.09397838294205;0.0;0.0;0.000102177407826;0.0;1;1
823.6303501856066;21.81099296370092;0.0;0.0;0.0;0.0;2;2
322.8225043771526;421.7575206241983;0.0001403396520852;0.0001560087755527;0.0007711086788505;0.0;1;1
352.0199891390012;365.1380808273492;0.0003539335907164;0.048685715926148065;0.021541494550745;0.0;1;1
376.5596413903044;292.04699964409303;2.5154629230335774;305.4660738465783;17.580968199606147;0.0002108908839076;0;1
428.5388356119104;401.59832868225055;1.0446913220201948e-05;0.0;0.0004155829562041;0.0;1;1
66.38489842306075;0.0001230865937007;0.00015176041441042557;0.3287975412506769;0.0031260527708452;0.0001050387053552;0;0
205.9320551598652;556.8440062195807;0.1000794390735906;132.4743688310123;56.55091108465882;0.0001390415445908;1;1
298.39256348599963;357.6744911327907;0.0;0.0;6.919767627536064e-05;0.0;1;1
336.0039380994554;426.7082377043829;0.0001639348505294;0.0001347736460598;0.0008225303783422;1.136929074762933e-05;1;1
906.303446533778;0.0001715960177828;2.2899288360781226e-05;4.106955645258763e-05;0.0004413886997507;2.530684488203645e-05;2;2
358.87115324382506;498.6486592741797;26.51518777917597;2.126363697277982;0.0007645447159348;0.0002813222005055;1;1
94.57188963609936;7.983090775275765e-05;0.0619006905983241;133.9896117526484;12.832417061578234;4.402967768043585e-05;0;0
383.6635490429536;512.0993371182171;9.861514259673232e-05;7.06400612545865e-05;0.0004894425709645;0.0;1;1
26.94201745250762;0.777686031224824;167.70646430550585;612.1021857380503;107.8706717601532;0.0004456754154871;0;0
333.29237793249627;466.9082416545597;0.0;0.0;2.677826188634546e-05;0.0;1;1
386.7402115925897;491.9895886038825;0.0;0.0;0.0001495938793877;0.0;1;1
392.7297557808631;433.1148362978758;0.0;0.0;6.276157008021638e-05;0.0;1;1
284.0643398309807;457.9148490360327;0.0;0.0;0.000120951876901;0.0;1;1
315.29679263790155;577.9834469287885;0.0;0.0;2.990667257252121e-05;0.0;1;1
163.39893200473696;74.84372826002829;6.239224682672486;463.6221357285486;36.38188555977739;76.49708834203331;0;0
370.56206026724175;559.816497054094;4.222727365112831e-05;0.0;0.0004837946323657;2.7089073292441216e-05;1;1
311.85787209201163;546.4426174255171;1.0538645987323647e-05;0.0;0.0001848521677213;0.0;1;1
155.86437846369233;44.69080527856895;47.042496535957994;328.8963902349763;3.129807370087355;0.0006503021853674;0;0
327.640458043893;585.0126930409999;0.0;0.0;0.0001204798385167;0.0;1;1
402.60891040552855;392.1169238501062;0.0;0.0;0.0001296883474381;0.0;1;1
334.29446522243705;611.8891559652935;0.0;0.0;8.826012309254084e-05;0.0;1;1
135.2655213256594;8.898483407577939e-05;0.0007901540561743431;9.728711320681628;3.4460425441391607;0.0006851914256673;0;0
643.9794395232768;154.43590644904774;6.72566151674601e-05;0.0002498097063046;0.0002615707475192;0.0001448988508328;2;2
334.27887279096404;362.43390406537935;0.0;0.0;2.247043110796123e-05;0.0;1;1
322.02870789673733;341.6428237739153;0.0;0.0;3.679718152073052e-05;0.0;1;1
185.33909410475985;46.03682542898065;0.0552790214735145;229.98002095517035;12.429447524589062;4.819345986127396e-05;0;0
312.603794065796;337.7644474251557;0.0;0.0;0.0001515286335874;0.0;1;1
345.64044233062896;573.7891821613939;5.871707534368066e-05;0.0;0.0004143637369504;0.0;1;1
427.8610842024378;578.7957961997965;0.000252369836491864;0.4318929019660433;0.0012636917047583;0.0002028116047846;1;1
587.5914403284849;377.0815266841832;2.434492565889372e-05;4.816409069192734e-05;0.0003463489189134;8.233659578128942e-05;1;1
340.85013607639866;494.8772351044461;0.0;0.0;0.0001244515036358;0.0;1;1
273.8962775611312;428.4823427198044;0.0;0.0;0.0001417589590561;0.0;1;1
307.38007339308683;427.1446858431662;1.026526450852556e-05;0.0;0.0002139585724246;0.0;1;1
349.236414399715;516.9057032476243;9.782905918949296e-05;5.733719215565165e-05;0.0004831072007914;6.93330921326612e-05;1;1
285.03166281997187;304.8280535844502;14.684317355633528;120.871771901831;19.86255538055682;0.0001224910982938;1;1
387.75685520186113;454.0645241059506;0.0;0.0;0.0001251239494608;0.0;1;1
375.8927581016223;588.3167914371614;1.0561298260261138;4.528587885938679;1.545892314088742;0.0001770729406916;1;1
303.3370326227329;438.51000354920745;1.0157725533373832e-05;0.0;0.0003562872317567;0.0;1;1
722.0341088434225;7.858799365829392e-05;0.0;0.0;2.365050314848474e-05;0.0;2;2
338.6085704376963;538.1356664059683;0.0;0.0;6.799689239925506e-05;0.0;1;1
737.7134628560812;187.59683156791849;8.247007825542458e-05;0.0001913316365342;0.000147259392836;9.288542043731084e-05;2;2
335.6952461700046;284.1345696611596;17.676215274811494;76.81887029478129;10.745081539368346;5.385200085562464e-05;1;1
430.1957080949434;368.3391790845925;2.369797660972098e-05;5.712990267839675e-05;0.0003960271140455;0.0;1;1
315.9990954146477;412.30660730740703;0.0;0.0;8.482262125226943e-05;0.0;1;1
454.2407864742916;461.8940266779185;0.0;0.0;8.249440248548504e-05;0.0;1;1
364.7370838298116;276.2846650240661;58.61887242143812;95.51128147956578;0.0009215620735964;0.0002509222391;1;1
402.3888418499691;318.0289578615369;74.47598801087763;0.00037505913893755684;0.0007974054692677;0.0006591166393764;1;1
381.9554206125487;549.0928920095488;0.0;0.0;5.258480027777651e-05;0.0;1;1
350.68674001996726;438.587713720756;0.0;0.0;0.0001122972499377;0.0;1;1
786.3011027809948;6.062117159383203;0.0;0.0;5.890080069258173e-05;0.0;2;2
29.562627916923283;67.13815842796761;32.066850071995745;432.4615319205446;104.11837486441856;0.0003437260750538;0;0
381.758932414826;473.51226612800576;0.0;0.0;0.0001517923819671;0.0;1;1
207.93013310887844;146.7234290495833;113.01282956784;282.92342447883294;31.894522430850955;0.0003187759268941;0;0
317.3206856898499;379.8653246468948;0.0;0.0;0.0002854687853687;0.0;1;1
354.44159995172765;586.9013405173587;3.311624590704383e-05;0.0015716485669984;0.0003064443666527;1.0441671309744703e-05;1;1
327.75198772238554;514.279092303947;9.562472340106972e-05;0.0001283405724287;0.0004062106935961;0.0001114759480254;1;1
363.107396714381;568.8656673953183;0.0927454656580657;50.73010040388918;20.964377294694145;2.543843988333296e-05;1;1
352.3723553494867;512.0030641482011;0.0;0.0;0.000194388146309;0.0;1;1
503.8384814255344;451.0563781960972;0.0;15.276923566266872;8.704635949544221e-05;1.024294248327326e-05;1;1
218.98744073102253;407.3653355057495;0.10417597755509721;139.20755020867705;33.46661052520673;8.744125961814884e-05;1;1
320.6275996889407;601.1003325276065;6.743801912024062e-05;5.468352055955537e-05;0.000638348673222;2.4254554280075155e-05;1;1
296.5694652914673;395.2502007364735;1.093635335535901e-05;0.0;0.0002758817734149;0.0;1;1
443.8934236869779;250.7094508454869;0.00031159203121815547;90.16910431975717;0.0020973805526638;0.0004286182044128;1;1
282.6314872697227;299.102179464611;83.76145183933106;117.98896573315376;6.45660341696688;0.0;1;1
381.7865291355413;494.72349383686986;1.0340751382026064e-05;0.0;0.0003095013278361;0.0;1;1
364.7106577365413;509.903270561302;0.0;0.0;0.0001270028987779;0.0;1;1
376.4692512165966;481.522574203264;0.0;0.0;3.694921037514674e-05;0.0;1;1
370.6291272491397;471.3730330770197;0.0001694146545319;0.0002960375019801;0.0007942599263713;4.602283349466199e-05;1;1
291.0005062521121;375.7102468268905;0.0002300238481516;0.0003215461871624;0.0008247715671868;2.5818086049298867e-05;1;1
292.2018787040436;493.1355994796776;0.0;1.0115951473195104e-05;0.00029498326597;2.0536468719804853e-05;1;1
303.1054210057262;302.49018369597667;15.266758396845715;269.9577360641909;11.079431807331323;0.0004148699017944;0;1
315.9693656527205;428.9374863931467;2.407807931391202e-05;9.91384052632331e-05;0.0003525812592793;0.0;1;1
312.1287964688272;467.19653468867824;0.0;0.0;9.532785138131822e-05;0.0;1;1
334.4746451451333;447.2384427288286;0.0003484110117374018;0.0004387896515097;0.0009309877796136;4.440826570192007e-05;1;1
346.645449333615;601.2775167305858;0.0;0.0;4.213076596745833e-05;0.0;1;1
314.11043553468147;364.3151855642578;2.56755069774308e-05;0.0;0.000404116714178;0.0;1;1
330.8691466524595;472.9612005511229;7.065319064411088e-05;0.0;0.0003005642150146;0.0;1;1
340.64220328063107;535.3462355145947;0.0;0.0;9.869828611518064e-05;0.0;1;1
285.1829947839766;518.8221825778988;0.0;0.0;3.663403979108154e-05;0.0;1;1
112.2595039551588;15.238028677651936;12.15225980079834;64.46749290307045;12.693174591474136;7.80974911426577e-05;0;0
368.645868055034;362.0491692481097;1.1795005086670327e-05;0.0;0.0003284692660169;0.0;1;1
392.8578844851835;413.75550596706256;0.0;0.0;0.0002589329268235;0.0;1;1
287.3674369114861;500.1386966669648;0.0;0.0;0.0001380151512198;0.0;1;1
84.20776573578978;0.000365994702927;13.777875812793017;259.2578707161323;16.382048159843322;0.0005971524481476;0;0
431.7171824209168;431.54795486968;0.0002473921325752458;0.0017984312418550276;0.0015824799755967;0.0001983955817877;1;1
11.063259873762554;0.0;0.02269316979838072;108.38742051025916;10.029543004711911;1.092153046242382e-05;0;0
244.1932860330813;175.0558048766421;43.32321967312794;175.58718423241072;3.828613324441857;0.0001749285116925;0;0
412.1118697222981;347.29634995168504;0.0;0.0;0.0;0.0;1;1
292.0983409215853;391.4327228462408;0.00013893402189411872;0.000265315874529;0.0006323254920224;0.000146143299169;1;1
81.55664232635951;6.853521846036107e-05;0.069463203358792;239.7823767489937;31.729707087;7.165246472903341e-05;0;0
125.84076144716614;7.268260849708565;57.52641227040948;394.9316330056929;49.5480351837904;0.0007762005060035;0;0
327.25643345606915;400.4451939460776;0.0;0.0;9.859611836986196e-05;0.0;1;1
178.14473086983108;324.3460197771428;0.11138340442969262;93.75560476925418;15.225100085702834;0.00024700364403;1;1
348.2021715658543;561.0589689207153;0.0;0.0;0.0001094330237122;0.0;1;1
360.9019041955656;527.7166898598458;1.2431916105343637e-05;1.1087672835136396e-05;0.0001530167096243;0.0;1;1
199.0477235771401;68.79793918825347;93.44539030375037;336.62881578752774;11.982575193795252;0.0001233178978256;0;0
365.7369547897715;621.1956950427494;0.0;0.0;5.716855708265161e-05;0.0;1;1
340.38320418356454;340.8434888958457;0.0;0.0;0.0;0.0;1;1
146.40426584993284;5.236458370859356e-05;0.0018386628532684427;144.86048457636676;0.0015592269821425;0.0003445728296398;0;0
359.6643386402802;422.2480093929556;0.00016758846942617787;7.037464470881886e-05;0.0007319942750033;0.0;1;1
366.776323144432;405.1052427272824;1.063338564571586e-05;0.0;0.0002072131215727;0.0;1;1
353.8348200292112;587.4424219857264;0.0001912820366014;3.509324710183108;0.0008717048370853;0.0001008608844672;1;1
372.0682298934697;347.25480556568886;0.0;0.0;7.629922654218957e-05;0.0;1;1
304.65446174249985;609.3587179430369;0.0;0.0;5.467864247218562e-05;0.0;1;1
317.0269830042723;11.505177911075837;0.00017504512250311562;0.00036212686092860515;0.0010571280234355;8.793748619104459e-05;0;0
333.9661083691961;511.98885924464446;0.0002065798449987;0.0006571296297624;0.0008377367059745;0.0001131228271917;1;1
444.2151817844575;399.5660102270552;4.173476265140446e-05;0.0001369968283764;0.000509462183932;0.0;1;1
204.6603434127828;283.9903392209561;28.901819636864623;226.564800337218;31.021181230563545;0.0002855365314574;0;1
389.54181737398375;495.28794231254574;0.0;0.0;3.351283379038296e-05;0.0;1;1
718.2311821280243;50.0253105595802;3.992405816677793e-05;0.0001199385108039;0.0002999532714437;6.219141566914675e-05;2;2
369.2323383745242;621.4907571785943;0.0;0.0;7.76554124410003e-05;0.0;1;1
292.06341823127326;425.133546558449;0.0;0.0;0.0;0.0;1;1
346.3499205024897;490.0118825063661;63.935667735917434;18.92128114828393;4.170816118719035;0.0002492042593518;1;1
182.6192866725251;404.7739947600075;36.090523097715725;160.3322845044939;32.2545747436275;0.0001048531973858;1;1
397.1154376947106;243.20299355197065;58.7036905656184;89.85509689220466;1.8159974242430528;0.000381017417292;1;1
352.8605045869792;445.0790137077615;0.0;0.0;1.085299008850135e-05;0.0;1;1
204.30907227868795;15.804466853210858;23.426032106233798;84.88159661743029;1.8055100143918408;0.0003040218750902;0;0
327.8697478226466;574.126001134744;0.0;0.0;8.440469008644837e-05;0.0;1;1
374.79797931427015;492.0626861393304;7.393598886509707e-05;0.0001181071260185;0.0005512839702649;1.0192034199668318e-05;1;1
220.8682591099295;7.179745744830137e-05;0.0721546672298954;51.379640587662536;21.18478796508981;0.0002124421305346;0;0
335.9202149694778;260.2092268504009;0.0008943413542426;152.67897735783146;1.7381365438479923;0.000371080197436;1;1
953.8998508983102;34.71284667519588;1.260600742156757e-05;1.4331837971387504;0.0001932735070367;9.617051480317056e-05;2;2
652.5355194237171;175.26076316187132;0.0;3.2829334485866265e-05;0.0001644105693581;2.6926200948359165e-05;2;2
345.57844364500426;401.4043710204968;0.0;0.0;6.816890991209257e-05;0.0;1;1
316.35447924884465;449.4249734576145;0.0;0.0;0.0001688400239069;0.0;1;1
368.6134675509681;517.1056894774093;0.0002447273285729655;0.0008291306914123;0.0010815691367227;3.216191683691924e-05;1;1
360.8815128503853;342.55036001658084;3.94033762827668e-05;0.0;0.0004491896400937;0.0;1;1
353.25193045415654;607.0411066900476;0.0;0.0;5.958901391808741e-05;0.0;1;1
357.4903048140512;384.6533206592443;0.0;3.777593436977468e-05;0.0002388515681807;0.0;1;1
349.5553854826353;350.5839960455642;0.0;0.0;0.0003265306045075;0.0;1;1
355.0559877919177;407.68201339539735;0.0;0.0;2.968669785195342e-05;0.0;1;1
405.1612767474719;373.8761605454303;0.0;0.0;0.0;0.0;1;1
423.8673813653101;502.5152948098559;3.5858402487726776e-05;0.0;0.0002528987214476;0.0;1;1
259.1017432892675;34.220747787119066;0.0003326609397386479;6.925501447708033;0.001454982418191;0.000123857531436;0;0
185.94468725912097;127.23686646068693;0.0825571571883721;322.24020131191656;51.615882295281125;0.0006596104746424;0;0
381.55848494066674;356.2877443445012;0.0;3.632808969513496e-05;0.0002358427791627;0.0;1;1
127.53545266001905;0.0001340753481481;0.0817832903493378;122.56094031368873;45.70754625605312;8.586506608513055e-05;0;0
674.8640773696193;216.6167911246581;3.3381821716315845e-05;1.1834572103515665e-05;0.000266193992761;0.0;2;2
608.1726778219809;165.0958003251263;0.0;0.0;0.0001073352631761;1.1254005620007614e-05;2;2
361.598351860177;374.9747179450312;0.0;0.0;4.194616098554493e-05;0.0;1;1
455.8049936002138;257.90858613867346;0.0002112583510692;0.0003742130093376;0.0009860073295168;0.0001687885918525;1;1
815.2224542635743;5.149300842375262;3.5274793616083184e-05;0.0;0.0001647601530353;0.0;2;2
301.3406461253704;385.4078727605549;0.0;0.0;0.0002286065281615;0.0;1;1
268.6777217863117;468.1367087776753;0.0;0.0;0.0002278517667327;0.0;1;1
350.7181745773183;588.1143044311768;0.0;2.867222288444371e-05;0.0001979700718909;0.0;1;1
240.3447080788815;135.31488860544516;42.60854791884445;297.70366253330087;50.22305421116728;0.0007016410459569;0;0
287.4166482026984;385.9826722025987;0.0;0.0;0.0001828884170109;0.0;1;1
390.3270294505552;583.7286277820444;1.163941512538721e-05;0.0;0.0002255200430999;0.0;1;1
339.3802059426032;347.9163150302404;0.0001266638789167;0.001421056153389102;0.0013047928338709;1.000605835890584e-05;1;1
324.6390486139428;461.855502622243;0.0;0.0;5.325393986645226e-05;0.0;1;1
389.0220247810946;384.1930692655833;1.0474063637114136e-05;0.0012716558604102;0.0008764993329438;0.0;1;1
397.0790993692862;567.6019104075791;8.331764456896525e-05;0.0010468473337776;0.0009833715887028;2.28701216258147e-05;1;1
358.6806443699457;376.4187225829451;0.0;0.0;0.0;0.0;1;1
403.4723938194808;435.9452859389724;8.105548971606493e-05;4.513531067032254e-05;0.0004577825164633;0.0;1;1
83.43101235582537;71.61823592399716;41.84848507993434;410.14705847704255;51.22548145406037;0.0005407814406686;0;0
301.60737256643574;379.3665819330697;0.0;0.0;0.0001294282142396;0.0;1;1
416.7530658094689;473.2447238251472;4.1804933965247976e-05;0.0002017354358834;0.0006221356532307;0.0;1;1
378.1364627863725;353.98886452273257;0.0001682379724972;0.000742157810607;0.000465938231919;2.895591015144569e-05;1;1
358.15676822624147;335.7228081259033;0.0;0.0;0.0001757089618238;0.0;1;1
394.38536733015206;522.1193925156219;1.1972733216073316e-05;0.0;0.0002789198117903;0.0;1;1
334.9237490909815;532.443279160395;0.0;0.0;0.0002467694729162;0.0;1;1
326.19545104056533;300.49886793658374;9.080831654594358e-05;0.4298344912111662;0.0006587996791079;6.33066771562285e-05;1;1
394.9296707955245;394.9670635346411;0.0005024153913861611;0.0003128357431977;0.0010258197405452;1.2994427382002307e-05;1;1
445.9356621644532;451.7182467430404;7.602101614952422e-05;2.6449671878592063e-05;0.0003807127054353;0.0;1;1
315.1519579843897;361.2836002863252;1.003919743948186e-05;0.0;0.0002447095062026;0.0;1;1
338.3007713165137;608.1587684517104;0.0;0.0;6.688601310313606e-05;0.0;1;1
393.8581015449903;378.9916319619588;2.349741282913355e-05;8.401690554164071e-05;0.0004348631296182;0.0;1;1
123.51877705630598;22.521970773589192;7.674872476939984;365.61230991198215;22.281144235634144;0.0006266486442671;0;0
373.7568622728864;415.7239966485284;0.0;0.0;0.0;0.0;1;1
416.8800201804983;539.3410387685232;0.0;0.0;8.523458713363537e-05;0.0;1;1
32.75791907030661;0.7784339646097612;15.883112564411235;428.7599290996546;93.24589010967584;0.0010100323679864;0;0
372.4933664679164;387.8659273704524;4.595659086721721e-05;0.0;0.0001928308189862;0.0;1;1
433.3764976432333;471.8046642581026;0.0;0.0;1.1957721656661023e-05;0.0;1;1
461.5742187203997;549.4972277143956;2.193350893703072e-05;0.0;0.0003544519815096;0.0;1;1
372.3884571462855;434.15538804142375;54.8569097791318;51.441805016882704;0.000992904043149;4.330458535094626e-05;1;1
313.43488167047667;439.49447886200335;0.000228116167489;4.158037521787795;0.5136573565307363;0.0;1;1
26.47125351583201;0.780629346646753;12.863101628635476;177.04578490427335;79.0353551411072;0.0002081261072631;0;0
312.13991907170777;558.6245225107463;0.0;0.0;0.0002087704619393;0.0;1;1
263.53395633168543;57.14226203303405;0.1087892547926569;255.17905689665008;33.64750016878932;0.0005417332927539;0;0
354.85652552921186;388.5103271222082;0.0001092258093692;117.30373709289144;0.1902834428407896;0.0001172564074732;1;1
318.7707971548535;342.92420167235616;0.0001455133865256;0.0011495648498108;0.0010583979467346;7.436402403380809e-05;1;1
235.6048782506576;270.24952639389545;24.47530447713931;71.74167695001758;12.343502758447825;0.0003950492120172;1;1
215.38408027157143;24.419891858786947;5.512434541205205;278.5447337603073;13.54361311952032;63.33486514622075;0;0
368.9436722657011;562.5012285162641;0.0006088434565984;0.0005509438007864697;0.0011101225481954;0.0001626871492448;1;1
254.8142398143734;386.9866083990601;0.0;0.0;0.0001261653349219;0.0;1;1
378.8232441153597;418.02063645873886;0.04126195924993225;52.48513914172712;22.41344863770733;1.2526276275566836e-05;1;1
447.6009818197387;458.49472093818247;0.0001835075993516;0.0003605501571204;0.0007624756236483;2.757922026573439e-05;1;1
391.35680549132354;0.0013930758559422;47.29398971644861;398.66150063610223;17.191243023304608;0.0004218925151895;0;0
128.20537258807283;67.54120657331671;0.0419350415204052;392.34456900501283;62.87768878207305;0.00012845242165;0;0
309.3527758621435;567.8846514440403;0.0;0.0;0.0001853410971692;0.0;1;1
363.8288332322969;587.1096881620517;0.0;0.0;0.0002209739599543;0.0;1;1
291.33918556824136;534.2974508124985;2.5261899212569457e-05;7.477243825814493e-05;0.0004535086538824;0.0;1;1
61.72212626659305;0.0001351851016967;0.0003341683278733;104.74722482519785;5.641581876953554;8.88943944753504e-05;0;0
3.588939981617296;2.7114042680476806e-05;0.0001145741043255;27.38615545393584;0.4975197154480728;0.0001829135981394;0;0
390.62103667034427;561.8958057552567;9.77022435272754e-05;0.0008006573069126;0.000866669329334;3.319849164076069e-05;1;1
364.9803932147663;536.651101108565;5.2680753925928425e-05;0.0002391784995517;0.0006127220957792;1.5229066407403867e-05;1;1
22.19531761887194;8.067687709150022e-05;4.057895366519717;166.05576933066428;63.76504697374895;0.0001445084905316;0;0
356.9523656642411;489.9494682460554;0.0;0.0;0.0;0.0;1;1
354.3115026464543;412.8556708812389;3.46658496374948e-05;7.177526561458132e-05;0.000453602115254;0.0;1;1
391.9313945891405;528.9423588858436;7.893485436989204e-05;0.0006891781627784;0.0006158483831614;2.3107621583809564e-05;1;1
443.175330775264;540.3947853147059;0.0;0.0;0.0001824081715037;1.110468310858726e-05;1;1
266.9238608081854;367.256250544746;1.109513794764594e-05;0.0;0.0002443458934289;0.0;1;1
514.1466081314823;433.9475904070114;4.680711167514346e-05;4.629066079018568e-05;0.0002428156730777;0.0;1;1
322.4257934153309;531.6252128378463;0.0001159129668319;8.92828818001854e-05;0.0005421407135042;1.0424101686814322e-05;1;1
456.99056588589;413.2076077520864;0.0;0.0;0.0001276759906552;0.0;1;1
295.4257095339441;564.8724380889686;0.5835078343401905;0.0002750373872595;0.0006994396239428;0.0001058738077666;1;1
360.6460335819695;46.036831058549176;0.0001004508376073;0.32169738619799;0.0013311117757504;0.000181953131051;0;0
568.2042331225349;392.1144019601712;2.6087157012825846e-05;1.1931228536933067e-05;2.223975639834446e-05;0.0;1;1
408.39059643922815;507.79162996860646;9.634498719970983e-05;0.0003110618735004;0.0006607077131357;0.0;1;1
411.9824190795734;578.6029865512158;0.0;0.0;0.0;0.0;1;1
363.2489488998389;547.8505196210175;0.0;0.0;0.0001528322889021;0.0;1;1
335.60751169121403;560.3729094322993;0.0;0.0;7.977005615801504e-05;0.0;1;1
394.3046940418477;358.081460267655;1.2003975777316527e-05;0.0;0.0002766924385227;0.0;1;1
685.907853504925;41.89169224332458;0.0;0.0;4.179663786924808e-05;0.0;2;2
358.39199923552195;600.2425987632237;0.0;0.0;9.372498971246115e-05;0.0;1;1
337.3261496143224;585.4532327858022;0.0;0.0;3.6835465523311504e-05;0.0;1;1
335.63865521266314;393.2395902432757;0.0;0.0;0.0001833042610005;0.0;1;1
409.5766907696224;454.9871945463216;3.658819040821741e-05;1.058988208522512e-05;0.0005312225144856;1.0015364146425792e-05;1;1
99.0232755864068;6.726590655624709;35.757057028511774;418.4659687092392;33.20790496601607;0.0004682265737498;0;0
650.1149526066646;222.0144188664571;0.0;0.0;8.576868255449168e-05;0.0;2;2
276.1086966534861;365.8757488792439;0.004145759594907338;33.63605444206036;13.390121405011197;1.7287090422908635e-05;1;1
550.1639939799456;24.886042158369204;8.705522275449276e-05;36.11005496850511;0.0007368721777523;0.0006611576121697;2;2
379.609495135446;457.8527417728727;0.08740489063485798;121.7129403130756;11.306461543702609;9.858369856353052e-05;1;1
280.71662723708965;459.2679203144409;0.010412061768865699;34.417395393140254;14.08895757012435;0.000363197129505;1;1
306.2464054933954;363.5565684861478;0.0003167862220731;1.3559704163614776;0.5791083763602041;7.704284087484762e-05;1;1
343.23970872186163;340.53876107810885;0.0;0.0;6.756309381033532e-05;0.0;1;1
871.2457181602902;46.94408002244276;0.0;0.0;9.03823999594107e-05;0.0;2;2
122.1791924053768;0.7784041942939349;0.0777360409643729;130.52628895605574;22.211196889610346;0.0001974813224743;0;0
331.38091625596934;345.00379735532005;12.80240081823292;296.82302520275215;26.06446678495896;0.0003138685079248;1;1
422.8431660992373;610.4996321679336;0.0;0.0;7.894700714050543e-05;0.0;1;1
276.31165892547585;591.6316273235353;0.0722978806932102;45.16961377338851;18.511539152344803;0.0001301621327742;1;1
354.7888363826364;367.569318048729;0.0;0.0;0.0001269062091052;0.0;1;1
366.3746914878639;478.658543871322;0.0;0.0;1.11925488304556e-05;0.0;1;1
335.8444937810405;465.6218085543694;3.589573972457244e-05;3.711337187118839e-05;0.0002983989890298;0.0;1;1
401.0736184332653;539.0872136382479;0.0002485274270167;0.0016878106200335866;0.0013513615848766;6.140001981038944e-05;1;1
400.28422610554367;480.6109007446147;23.289336339320176;49.190760029443915;0.0010601891955205;0.0001065854423182;1;1
344.1498732388037;570.5416308274171;1.0211292025818724e-05;0.0;0.0002957055711724;0.0;1;1
94.4552595098613;0.0002514162339584;0.039706678749081355;62.49293992879061;26.67323939851545;0.0001705852292725;0;0
429.9075900166828;496.1632727043108;0.0;0.0;0.0001820112171921;0.0;1;1
379.5756556279326;548.2818558639493;0.0001093196414062;9.18570492391004e-05;0.0006298654126235;8.743363945888768e-05;1;1
709.4846060594286;156.1136908245;0.0;0.0;9.742492100623358e-05;0.0;2;2
294.365449974004;498.412072814028;0.0;0.0;0.0001421831678209;0.0;1;1
336.1433037577712;354.2967372812635;0.0;0.0;0.0001351873849211;0.0;1;1
378.5070517744688;598.6192228776146;1.1037827453607538e-05;0.0;0.0002998011306794;0.0;1;1
391.2519157698371;572.8681302768323;3.607154848501086e-05;0.0004749547317998;0.0006357139953183;2.044898170352789e-05;1;1
353.037102014264;415.07758956116726;0.0;0.0;0.0001875967822644;0.0;1;1
342.2690048119818;511.6989984676528;0.0;0.0;7.398799609231514e-05;0.0;1;1
298.7792038272678;489.4807262806281;0.0;0.0;0.0001083036697603;0.0;1;1
79.52376774324887;0.0002164852191796;0.071888230504817;148.04631372332383;29.734715233637345;0.0001843041653597;0;0
99.87252161518887;112.96901046619718;260.58920651860007;286.86243545074433;65.93632576273617;0.0003776495789198;0;0
107.12146845761296;16.851939509997226;34.48940136795612;342.30686720889173;35.25783573601689;48.92856331972345;0;0
329.6940068120503;492.2678490789322;24.82907528084963;21.871159133049527;9.338857632191718;0.0;1;1
367.9964028963614;512.0340686806742;0.0001629270797344;0.0009471668157491;0.0011088921980184;0.0;1;1
354.505750682906;383.5630794709968;0.0;0.0;3.8455324791085245e-05;0.0;1;1
362.5104645234571;429.98095717172055;0.0;0.0;7.759685854819316e-05;0.0;1;1
368.6544496972981;559.1843959090497;0.0;0.0;1.0986707327744085e-05;0.0;1;1
137.24525345378404;279.1252043926026;24.265082562799183;193.67914154055356;44.76235854258516;0.0005094794881609;0;1
250.1222726242996;314.4744880930565;0.7030568181235106;138.84415464140474;0.001500458893454;8.18792222426487e-05;1;1
938.9378494920944;11.622789970362946;2.1870726136699413e-05;2.385281548985988e-05;0.0001736536634504;1.120153608540286e-05;2;2
315.6973275323946;533.6505017153482;0.0;0.0;6.869355062925001e-05;0.0;1;1
357.60786030882446;515.2012180825832;0.0;0.0;0.0001039669311888;0.0;1;1
376.98811153457393;557.7034702335662;2.232143941843733e-05;1.0218040839133171e-05;0.0004915936033685;0.0001202877280183;1;1
354.8352371852986;538.1693564400721;0.0;0.0;0.0001026675736531;0.0;1;1
584.1923548290966;147.89160615622592;0.0;0.0;1.0175316168169252e-05;0.0;2;2
88.39937565430165;0.0003001117117883;4.14906214565837;351.2351139937723;13.361932332831056;0.0008723395760027;0;0
328.20158025799253;339.75945493790493;5.7589428545251837e-05;0.0001871517136736;0.0004808343833655;0.0;1;1
139.3707824870222;0.0002336878197921;0.030566601681544507;127.13063733008619;40.953361731855054;0.0003061714793146;0;0
99.6943637330687;5.782349833366526e-05;0.00024658806309795357;19.098711488944858;0.007013694732195;9.456720214535864e-05;0;0
92.02939980404835;75.66300805453396;47.79829083609873;449.5226770638413;25.180676401351988;0.000790028147054;0;0
760.7878039591319;5.148556067933328;0.0;0.0;1.4785208616550246e-05;0.0;2;2
318.2835328785541;494.3324982456544;0.0;0.0;0.0001511023575111;0.0;1;1
326.21567865677787;590.4977361566316;0.0;0.0;7.45543676092646e-05;0.0;1;1
145.5414199248548;0.0008536813411867;0.0358054278877921;36.29282777873179;14.78045466629714;0.0002273863773099;0;0
289.9710625016106;380.5710832734318;0.0;0.0;0.0001241838220686;0.0;1;1
39.672773358387495;0.0004584211144987;0.0007345247969814;88.02864110812077;0.612555636701297;0.0003645781787687;0;0
560.12657077199;446.4373906651723;0.0;0.0;1.3278679946926504e-05;0.0;1;1
422.2298482037422;546.9642893201278;0.0002237495646994;0.2109084409877539;0.0026136360970405;6.68013588878966e-05;1;1
346.75654553899824;526.5667606040589;0.0;0.0;0.0002066366983952;0.0;1;1
209.7221088011933;368.7427559088127;0.093500091609491;96.00632828329735;39.53559355052353;0.0;1;1
431.1177148317612;453.5827830376721;0.0;0.0;8.875993288411831e-05;0.0;1;1
769.244052607464;14.794939940333697;2.263173272135532e-05;0.0;0.0001696865271553;0.0;2;2
348.0330979313926;481.4039518570257;4.735721353442407e-05;3.770789407253267;0.0005318289085379;3.396268100029465e-05;1;1
342.7181795332863;345.67532331577803;1.049139887278107e-05;0.0;0.0002201060663164;0.0;1;1
260.08265311417665;260.7753917391532;32.481798381321;276.12918249879937;23.80680011832257;30.311691463532537;0;1
381.0532670969315;611.5076444013371;6.525767097008929e-05;0.0;0.0003065933182768;1.0041881028051618e-05;1;1
389.9184696570603;449.6760586583;0.0;1.420208015057735e-05;0.000281215682044;0.0;1;1
355.7722722182048;386.38956456960665;4.788767345591722e-05;6.617958286302077e-05;0.0002781568771398;0.0;1;1
779.296644111744;1.9698490944876488;0.0;0.0;0.0;0.0;2;2
318.7653596025603;478.81432460497234;0.0;0.0;8.161527460741737e-05;0.0;1;1
204.72183700721644;319.3492512181501;16.839258176677877;45.60024425069448;9.518515143840432;1.2048776387047548e-05;1;1
312.6538474696944;532.6662384569569;2.6132974578279704e-05;0.0;0.000331963293737;0.0;1;1
305.219676647331;495.53788513388434;0.0;0.0;0.0;0.0;1;1
345.1655076351452;427.496181581267;0.0;0.0;5.307680770747429e-05;0.0;1;1
365.8645214510972;450.4419149351833;64.18890595791933;0.006585091731347244;0.0018913263944796;0.0001755728942318;1;1
322.7087533532626;354.2323963951018;0.0;0.0;4.7461974147205e-05;0.0;1;1
649.7210964276355;5.148675622267846;0.0;0.0;0.0;1.0842567442515678e-05;2;2
399.2565035278087;484.773947547916;0.0;0.0;0.0001133627246459;0.0;1;1
205.229747766686;108.78278267921888;25.967215758672552;267.2298647478787;24.89985667055128;0.0002216526128257;0;0
325.5513176553473;588.5611587694531;0.0;0.0;9.852341153658888e-05;0.0;1;1
638.4607385682853;138.38507666850032;0.0;2.213318603724349e-05;0.0002378638011058;0.0;2;2
283.3445184552117;620.5946573702299;0.0;0.0;0.0001664033123908;0.0;1;1
338.5401135363596;491.3684685009741;0.0;0.0;5.497171877755928e-05;0.0;1;1
120.50610203894848;31.157072157665784;24.262795848591892;449.0175357508713;36.28560226690834;0.0002581636622595;0;0
390.28732090418816;534.7523940543172;5.860435200748084;0.0318211437782663;0.0142512854093391;6.354777839456919e-05;1;1
249.58379400104107;0.0008502562314368;0.0003860967329991789;0.0009740889507556242;0.0013696920010016;0.0002601130621658;0;0
376.71342120677184;514.9835747117878;0.0;0.0;0.0001449222541384;0.0;1;1
348.90132491035007;378.2529677305629;1.0702238859380095e-05;0.0;0.0001443716274985;0.0;1;1
393.6212549021758;564.8533799226918;0.0;0.0;2.3786244985603133e-05;0.0;1;1
331.4077747741304;495.7171368165779;2.365084943241591e-05;0.0;0.00025659407151;0.0;1;1
403.569201302392;537.7602960335789;1.0126216566687902e-05;0.0;0.00017889664498;0.0;1;1
339.3657985301364;553.7234955244779;0.0;0.0;0.0001188032696906;0.0;1;1
352.4806333198376;531.2572619823766;0.0;0.0;0.0001864644825808;0.0;1;1
23.58763504920774;0.0004701774088652;1.1862572289645115;389.53639548048056;76.16296106907043;0.0001450365984167;0;0
306.86081269098656;365.89613846306287;0.0;0.0;7.161072556577905e-05;0.0;1;1
738.1725696668773;43.27262281500308;0.0;0.0;0.000119903237232;0.0;2;2
349.8978343824909;440.0033106215283;0.0;0.0;9.474660624282446e-05;0.0;1;1
283.92451716697803;301.01639512667333;0.00015711335243505844;75.91716560788758;0.0226499065014665;1.5861393716422874e-05;1;1
315.4168044517985;565.6883859832336;0.0;0.0;7.908830790124485e-05;0.0;1;1
92.00737233386114;0.0007052582159677;0.12305980673425704;391.6658407703595;81.42884034467764;0.0002946201230033;0;0
414.1562683230777;463.35516484612674;9.958466028972672e-05;0.0003705200412726776;0.0006841335678683;1.163468733916256e-05;1;1
709.2832584132825;183.93823613087355;5.101340648091569e-05;5.579491052057341e-05;0.0003202686717384;4.17243213975697e-05;2;2
292.4478445065645;545.648248485692;0.0;0.0;1.0461727206374667e-05;0.0;1;1
106.53094066280411;3.266515463171796e-05;0.0008338592842316;1.3567123404190253;0.3731884455761177;9.377268628551116e-05;0;0
335.0327604543767;370.769924056163;0.0;1.0584329508600309e-05;0.0002390717263901;0.0;1;1
376.1452073968497;379.7154353469812;0.0;1.1547804273734862e-05;0.0001321333656759;0.0;1;1
308.90957701897554;458.2810584817495;2.1163072112195224e-05;1.0031950952494427e-05;0.0003097887740475;0.0;1;1
23.759839798357863;34.46345636713395;59.2082065666803;507.9773089801264;111.2720466523653;11.646208431316468;0;0
127.19805180688176;158.82820116124296;0.07292964632899643;380.2107216418858;17.501971444153384;0.0004201170044307;0;0
420.62188265115896;362.7752760775362;0.0;0.0;2.286647843496817e-05;0.0;1;1
364.6402129592335;341.0353590174459;0.0;0.0;0.000245203719914;0.0;1;1
269.6481645642539;533.2665698378898;0.0;0.0;7.086975665097532e-05;0.0;1;1
295.2817294727174;405.00414089618;0.0;0.0;0.000125592871637;0.0;1;1
265.39389199573384;80.33858417057147;0.0192786656134462;252.61780430158265;15.143862707497505;0.0002602886804981;0;0
326.84897535545826;518.3020035015752;0.0;0.0;6.531809491510973e-05;0.0;1;1
324.1005874822667;214.9213960925028;24.67822972605572;378.51329598956426;12.176669131514531;0.0006172989097271;0;0
434.1268027797456;377.1270624508835;0.0;0.0;2.818420109846981e-05;0.0;1;1
292.5831032153591;371.5061140499489;3.986831508572391e-05;8.611571273287004e-05;0.0003900144903551;0.0;1;1
319.56267049651024;359.0768382143606;5.518298501249213e-05;9.288109003613024e-05;0.000503915308932;0.0;1;1
282.7524161341401;486.56354674337786;1.0450070190018225e-05;0.0;0.0002654988953155;0.0;1;1
399.1659885065153;539.1791309731212;6.997812315740393e-05;0.000293477027986;0.0006883002290953;0.000280715098624;1;1
245.5737907159128;387.6349048851384;0.075377247796837;137.46756177009883;0.0015827383516797;0.0006213783138807;1;1
522.1716505207021;280.6688988986534;0.0001481361736098;0.0002206833159469;0.0005898093863222;0.0001418674413623;1;1
188.5679770321764;148.64949128283624;25.120135980205653;322.66966750585544;30.43665763602442;0.0001767440366296;0;0
405.9476700480996;566.336767366203;0.0;0.0;2.5544371293001395e-05;0.0;1;1
273.5846904667448;436.3233300149552;0.0;0.0;5.274777104768456e-05;0.0;1;1
237.95837503720136;0.0007290518934313;0.7730611394528455;247.27020814325198;1.83409194131996;0.0002311971792066;0;0
428.9189976596125;366.3071490133262;0.00018711325299420147;91.53988884494544;0.0008893497179608;0.000184699447777;1;1
112.14948362265405;0.0012767596014892;0.0784605380082755;190.26059541107307;31.698593474090032;0.0003745366128161;0;0
760.0352698490219;290.4855439478298;8.762216773569122e-05;3.025872352478462e-05;0.0001738925408066;8.917214709775733e-05;2;1
738.8075297489966;210.842517354929;0.0;3.2137630229690965e-05;0.0004412917640546;0.0001107777396956;2;2
195.0208929535388;247.3859069692896;0.0156222804994032;227.04454234340014;36.92215153033747;0.000218985977633;0;1
357.0311874612892;567.2451358819787;0.08460619929336351;23.165045084345632;9.917331199682051;9.887570414149628e-05;1;1
334.96865975628833;462.37364461485225;0.0;0.0;7.770515638081615e-05;0.0;1;1
276.13791279725484;163.32723717938322;33.87835329864368;326.76066235556647;0.0008310626598215;0.000385533149907;0;0
640.0554323711025;76.45116249978987;1.1038803136971882e-05;2.416286795378338e-05;0.0001980432786738;1.1458283778143312e-05;2;2
349.14938847609943;369.4671638006378;0.0;0.0;0.0002774793744614;0.0;1;1
354.33721579703933;471.2742270983952;1.1232148825368768e-05;0.0;0.0003495637385243;0.0;1;1
369.7704405791362;393.8788495075754;0.0;4.608680451458482e-05;0.0002546608857066;0.0;1;1
126.18747605547746;0.00031832867456;42.43530232810107;451.5865114031602;59.250005046900895;0.0004039380720947;0;0
309.3059194224507;463.4569953472497;1.1434581484294318e-05;6.373903355141874e-05;0.0004775729877249;0.0;1;1
399.4541701384567;502.5092600110364;1.2317069625881516e-05;0.0;0.0002892799836085;2.884761775741516e-05;1;1
39.348795404569934;15.87659825421595;4.77409248597467;151.4338681542799;10.564594597545934;0.0008634916420597;0;0
421.6322282751456;382.1614996531941;0.6861226361462992;102.42744709500792;0.0012193002020269;0.000155872938905;1;1
398.1494107759013;538.7639127062166;0.0;0.0;0.0001446959380619;0.0;1;1
322.5132807606232;456.95319644829607;0.00010340189533032174;0.0008648301347250504;0.0008949038483634;2.4835302808457466e-05;1;1
382.8596280836979;574.3120608882167;0.0;0.0;0.0001163230404106;0.0;1;1
712.6558142438678;40.17245796851998;0.0;0.0;0.0;0.0;2;2
162.92679736729593;161.2583012399926;93.49210418703765;166.7132801870865;0.0024484443963338;8.709576908760182e-05;0;0
416.4568582021069;478.84709615233527;8.34737762619024e-05;4.440502799224556;0.0006531994229815;3.6048065135838784e-05;1;1
436.3232925742261;526.9509001005345;7.106111349919223;47.18179320510652;0.0010615675850157;9.655997772060568e-05;1;1
1.800106796903259;0.0008383870735904;8.395060265991455;327.4698687337719;83.73906277736151;0.0002899574563068;0;0
315.27094727063;487.8152068574207;0.0;0.0;0.000137442755964;0.0;1;1
410.0157284092226;443.5509370235689;0.0;0.0;0.000102383485722;0.0;1;1
393.0547100346158;448.3326060895888;0.0;0.0;6.30001101425244e-05;0.0;1;1
324.09758844332293;366.1638030160204;0.0;0.0;7.454071396328354e-05;0.0;1;1
978.7448578739944;12.874270649620826;1.1221477084644947e-05;1.1439850471764482e-05;0.0003463328251419;2.693921658876328e-05;2;2
450.6622493460639;430.959246016945;0.0;0.0;8.684662750991633e-05;0.0;1;1
376.388474525068;406.6952876811036;0.005376120256670241;2.340766101142409;1.0030452809799804;9.605089923411648e-05;1;1
384.1756976327656;399.9571127716473;0.0;0.0;4.712090758137081e-05;0.0;1;1
356.157795066953;469.737481860801;0.0;1.4918391632260526e-05;0.0003577726536059;0.0;1;1
300.906365642544;268.0201920149291;0.0003628397291517;0.48825811640173356;0.0014754171544958;0.0004867836512798;1;1
347.7902070823765;384.5342103725827;0.0;0.0;3.872529129072073e-05;0.0;1;1
763.623034976704;100.85221702998136;0.0;0.0;2.73851026091246e-05;0.0;2;2
337.66023870366274;340.7907977799036;0.0001280077895407;1.6055285773275207;0.0032144442740462;0.000149257093676;1;1
273.1538438086491;81.53455656461342;30.415971352597406;324.7728554315187;37.32764087680286;0.0002221230676421;0;0
389.2182359154697;489.4461508172725;4.519184337437007e-05;0.0;0.0002850703262677;0.0;1;1
319.9228564259036;475.33183858846576;0.0;0.0;0.0001400751174938;0.0;1;1
292.6646350029062;403.3218646456901;0.0;4.577430139354416e-05;0.0002240816636913;0.0;1;1
836.4836437826755;0.0001639856918246;1.0150910334008427e-05;4.6136503174898456e-05;0.0002843141208549;0.0002182270238354;2;2
328.9154864675498;594.6844235657237;0.0;0.0;7.99176464977251e-05;0.0;1;1
107.39819771450676;6.014353566006117e-05;10.942212238573003;281.0039411194234;58.99330926614644;0.0002066721959856;0;0
290.2510359233187;526.6387062276739;0.00025785003452502217;0.0019177847334633622;0.0018223550481098;4.52290328514517e-05;1;1
846.1451041094545;0.7773107078071365;2.267979973512341e-05;0.0;0.0001145567443222;1.0815698560495164e-05;2;2
322.645992692356;603.2663616962783;0.0;0.0;0.0001342617017652;0.0;1;1
380.03232157490254;532.1204224795822;5.882564240438147e-05;1.2581846966423305e-05;0.0004180617055775;0.0;1;1
341.8967550862092;389.3082799476295;15.288456703269494;118.19408618349658;0.0003019580806996;0.0001182137951866;1;1
336.98313909808127;454.2667831910159;0.0;0.0;0.0001773903892476;0.0;1;1
646.1351624940453;214.5550845418585;3.608788480714315e-05;0.0;0.000178984581018;1.6345539789090755e-05;2;2
403.3285061972971;501.8509759566466;9.975753425198942e-05;0.0006556332584225;0.0004016822422209;0.0001504414441586;1;1
306.56061616961307;420.2709299775435;5.123257152208524;136.66688706742147;0.0007863124711543;3.9917616831398334e-05;1;1
351.0482394918974;574.7401681536873;0.0;0.0;2.3439944238653443e-05;0.0;1;1
374.2534685985342;388.86953509044326;2.832100759157768;17.4587234860716;0.0017080234334853;0.0;1;1
215.7322964086703;0.777573490348515;0.0712203896064957;170.95760847292308;36.43507239818399;0.0;0;0
258.4556170125558;398.53017042828566;102.06995629623475;22.56749535678214;1.7052285678284878;4.12034265255274e-05;1;1
709.4849757713305;5.148713373613337;0.0;0.0;0.0001167334894967;0.0;2;2
381.1199128833108;423.9270769120826;0.0;0.0;9.33561124692797e-05;0.0;1;1
342.1088569526828;605.217695084676;0.0;0.0;0.0001780100185917;0.0;1;1
225.33572134281752;194.07939774191465;178.21825581036262;185.1078975295641;43.46764074679756;0.0005970086313173;0;0
19.232718771222395;19.63580057813001;119.90659570286036;380.9650101495683;82.81811677168798;26.566700215737647;0;0
548.8775354260024;395.4436709617172;0.0;0.0;4.588096838173126e-05;0.0;1;1
372.8330652839852;520.8233232133891;2.2613023859331664e-05;5.7512452126262543e-05;0.0002486488260227;0.0;1;1
336.41977479929176;487.582131926675;0.00016116438163223224;0.00021137425168914849;0.000717972630338;8.153249711255082e-05;1;1
226.4002543986284;209.88183582098645;10.561643944629623;201.74626182377847;0.0019665085440595;14.735665502126686;0;0
336.5216073303589;447.5341317639285;4.031783792123168e-05;5.468231167805397e-05;0.0004111805774812;3.671277202572359e-05;1;1
480.2669554552907;317.5517942254382;0.0;0.0;0.0001195128889067;0.0;1;1
457.1459345305784;541.724276306183;0.00015420049877391245;1.0648141350523704e-05;0.0008479703770387;0.0;1;1
286.87053128742184;481.7853599464863;89.2799751189289;0.0027486672624591;0.0012612942380437;0.0001070145794333;1;1
363.7652781113304;585.1811966884703;0.00010375529766;0.47825990420781517;0.0007453088723638;6.70807441180058e-05;1;1
415.3080913708784;404.4099471825684;7.666249378545772e-05;9.08050406707785e-05;0.0006055092472734;0.0;1;1
329.6296580462219;457.8764718278581;0.07860172575346747;13.9635523472393;5.992792180307989;2.200027471149282e-05;1;1
420.614388285914;372.6367367179319;3.957821894835042e-05;0.0;0.0004719478928616;0.0;1;1
340.3566812348384;486.25785808809735;0.0246851335292051;3.680412566922536;1.5807591839820208;0.0;1;1
109.451843492629;38.26526182017705;1.7944977339252763;211.21175198946273;60.20592910472541;0.0004187591901483;0;0
412.14500240605946;340.3231485158699;3.3327095892016334e-05;1.253193587129657e-05;0.0003426565060417;0.0;1;1
304.0456431541009;349.9722136472021;0.00043015194934299997;0.0014134800727488444;0.0016492807331518;0.0001528806775065;1;1
272.60466242018003;74.22394196345621;13.711093389651541;121.27984204523375;22.722146637368823;0.0001022735720968;0;0
352.8263987735906;336.5354713394745;8.226150111697135e-05;5.982172923946169e-05;0.0005390578724449;1.1034897786612647e-05;1;1
222.06408763812303;258.5714300822593;62.933636706820764;336.45164080706604;50.72463762068885;0.0001106214042389;0;1
399.9983699847623;511.06046655482265;0.0;0.0;0.0001562783086944;0.0;1;1
513.6488088616574;190.05932760760865;0.0;0.0;7.991869653907814e-05;1.039245780365954e-05;2;2
375.6399581937404;366.7289738283297;1.1178356258460583e-05;0.0;0.0001980011405444;0.0;1;1
336.56838291308804;435.309417249556;0.0;0.0;0.000209104785963;0.0;1;1
360.3999781014679;506.28389190993096;0.0;0.0;0.0002048412798503;0.0;1;1
262.34085076077065;321.43049346948624;8.663312558120143;99.40414690006668;14.496111957798108;0.0001784950384273;1;1
357.5358932079862;590.9404046546196;0.0;0.0;3.578046378418005e-05;0.0;1;1
120.04533888712932;241.61584186434288;13.788245676175876;267.44112660638257;0.0054207446806202;0.0008750506716448;0;1
564.518937704317;197.6649286822716;0.0;0.0;2.712689299802913e-05;0.0;2;2
384.8388425670789;525.3922147893431;2.158830062039778e-05;0.0;7.825609489838489e-05;0.0;1;1
353.0455844383638;361.81667799297566;6.430705851213979e-05;0.0002142849043059;0.000724571674167;0.0;1;1
422.7927801810387;532.1231781360858;0.0;0.0;0.0001348369791168;0.0;1;1
216.6155257728672;272.3865418863732;57.144474970583126;110.40467557878824;7.132202609370939;0.0003524942930289;0;1
254.4140480828684;76.98201540425175;66.93737254345017;219.95602952654295;0.811644324179891;51.55249091377664;0;0
358.6970728835445;339.3128728799974;0.0;0.0;0.0002099764189138;0.0;1;1
314.3064687008288;177.67897072331135;76.183023845551;256.82343603936033;11.960136008639022;0.0005373426854433;0;0
410.7366418292771;429.8008564182581;4.1100309160235264e-05;1.0107293970314185e-05;0.0003587842358852;0.0;1;1
420.8088599219605;521.1457181688338;0.0002067860102004;0.0003202195656246;0.0004793832456189;9.349857133340132e-05;1;1
328.0293368467433;419.82416058250607;5.904610063214149;139.26905740937852;0.0012561191455387;0.000348262997579;1;1
418.41422341308646;507.6670398118878;0.0;0.0;0.0001716488372557;0.0;1;1
205.0104734624484;335.4734514250946;0.06617173339043293;92.80757591050842;39.61608554689394;9.923911822735246e-05;1;1
118.1175830051601;124.0811186800737;0.044259367432752696;321.34466490266806;41.06531371742038;46.93953432933473;0;0
41.56484990346387;5.239595008620076e-05;0.0002473030978841211;3.6010409502083323;1.5367286662839788;9.877538831969212e-05;0;0
408.1011733195182;611.4745991671557;1.0196127392269624e-05;0.0;9.259892600619745e-05;0.0;1;1
328.968602825564;567.8896402211055;0.0;0.0;0.0002119276206806;0.0;1;1
401.4666706490752;65.94096794710389;0.4187770929722159;16.74002848908961;0.0010318987971097;0.0003670231752315;0;0
403.04832760614056;555.2095089017154;0.0;0.0;5.6737767632808754e-05;0.0;1;1
301.6383576636617;428.8372535922524;23.126220631285786;173.26471251917746;24.83472919302069;0.0003520327993311;1;1
452.8380888299654;511.2014784105994;5.771639726566959e-05;0.0003549640750312;0.000609254298026;0.0;1;1
390.40632471625935;525.7097188699773;0.0;0.0;0.0001443874940346;0.0;1;1
151.12022211752006;108.83323960543945;173.9308168441623;138.91520840415447;16.490380102286785;3.318162333048589e-05;0;0
409.79233303408216;556.2985614355571;0.0;0.0;3.414615295394265e-05;0.0;1;1
233.2899500720003;390.28517964899066;21.53330110661381;1.5198687575455514;0.6492269517536449;0.0003722420917208;1;1
161.21539513866384;286.64813510306533;49.71689718704206;169.53900320131663;11.311734938185104;0.0004064708761882;0;1
399.8462457014736;568.2709023740687;0.0;0.0;6.714453627729334e-05;0.0;1;1
377.96303047258885;455.7344491665481;0.0;0.0;4.262835174862315e-05;0.0;1;1
270.29547993314173;124.16026954195354;239.47076579560053;165.76644376620914;50.23709769587303;0.0015851931412346;0;0
98.7673768168854;18.21025774695381;0.0001461082874082;0.001106119322427;0.0009326954727011;9.255643213929376e-05;0;0
344.209778244134;294.9216322062609;0.0001076382483608;49.49316284010632;0.0003208249829164;0.0;1;1
361.91291850074026;351.34026777704474;26.013339614848675;89.09394186353083;0.0010974718146222;0.0001906443972521;1;1
326.30547535556803;387.72843164621366;0.0001173018249577;3.443167688703288;0.0015572475303606;7.865438184297984e-05;1;1
342.33017159068334;281.6932269595118;16.133738041055476;53.67439481021945;0.0001839295230904;0.0;1;1
428.0618451338524;514.4654685649022;7.565261292869578e-05;0.0001145218261814;0.0005348965696631;1.7067330112458725e-05;1;1
337.8298311373964;535.1915674860326;0.0;1.3898840496061548e-05;0.000143342992831;0.0;1;1
218.8692418123723;177.2012387556762;55.5586393853694;156.925216882593;3.402710671953722;0.0002511772473603;0;0
325.9642074225821;410.4730104112281;112.32351243423737;73.52882097058404;15.08991948549727;0.0003861436198116;1;1
325.1173301410779;360.6222349043399;1.0561334412080824e-05;0.0;0.0003276086163749;0.0;1;1
367.3943883275695;440.93975180879016;0.0;0.0;6.227316015404667e-05;0.0;1;1
87.52462228479372;29.676171043731493;24.200042281660345;355.76692004844966;30.57588978872392;3.8515963562058326;0;0
300.34726597986713;356.7716783056063;0.0;0.0;0.0001552782702178;0.0;1;1
695.955303264893;233.9532671069188;2.7251246946752696e-05;2.6950091105733686e-05;0.0002066844463852;1.8823621987174133e-05;2;2
344.0700854813068;354.84771641693766;0.00018905259463291752;0.0027817196519687;0.0012728960421309;1.1257478234188957e-05;1;1
390.0324065893973;570.0198202966678;0.0;0.0;3.283715969659809e-05;0.0;1;1
383.32931732551833;554.490416750074;0.0;0.0;9.582301390213612e-05;0.0;1;1
297.38695810224954;336.12547378849604;0.0;0.0;0.0;0.0;1;1
344.5344439954295;473.050323450825;0.0;0.0;2.823864351137848e-05;0.0;1;1
278.61854457493587;431.978203528996;0.00032046982231222286;175.83990313104295;3.0910061265387103;0.000265982225355;1;1
726.8583216310219;208.84567230160425;2.3562616468305734e-05;0.000129504699642;0.0002841026355875;9.242753711043992e-05;2;2
369.9898859463767;346.66392711880985;0.00013061642158757167;0.0010223038160601;0.0009811417427861;1.1746406085794988e-05;1;1
306.55676717888883;344.660427878632;0.0;0.0;0.0001718972912366;0.0;1;1
368.3660204973538;464.4003754787989;1.0855588615125576e-05;0.0;0.0001685214946764;0.0;1;1
412.9676377007092;336.4208183407661;1.056848493399432e-05;0.0;0.0002349650115418;0.0;1;1
880.9560604879985;49.70648167092207;0.0;0.0;7.363176205480411e-05;0.0;2;2
389.2075087055399;584.7464633150809;5.5518485586003535e-05;1.4189564799279246;0.6057675260947437;0.0;1;1
532.5422716461961;351.1705067276853;1.0286053678411032e-05;0.0;0.0001903531335799;1.066745608067373e-05;1;1
285.66193379018523;358.65726557341907;0.00023880826667989965;60.03162210754194;25.59772069436074;9.912432392342352e-05;1;1
170.55363641718185;49.91299339476953;95.46449259550229;302.8802682615211;0.001247907071682;0.0003856208028188;0;0
389.9715829272574;405.63652146421896;0.0;0.0;0.0003255966430852;0.0;1;1
355.38563610611175;361.05344353168846;0.0;0.0;6.499800573436153e-05;0.0;1;1
384.75336383894256;599.9961700312389;0.0;0.0;2.546689248070756e-05;0.0;1;1
381.661131539661;582.0394815152563;0.0;0.0;0.0001250140201206;0.0;1;1
348.967529789098;545.6488790876778;0.0;0.0;1.1356568908915694e-05;0.0;1;1
143.91662079783802;0.0001311257581571;0.0514980776141069;51.04216780799498;21.622377137944127;5.4464316518625246e-05;0;0
409.305939996792;456.2022143472459;0.0;8.368730845587331e-05;0.0004733786591692;0.0;1;1
313.1514824474264;531.2346511127059;2.2901061528124e-05;0.0;0.0004160870313124;1.0976604988504016e-05;1;1
330.5688926203465;514.9930723523261;0.0589549301353851;43.3080519798959;17.828349691889088;6.37813308697867e-05;1;1
278.12441696678627;307.3822188570565;42.561174341906586;91.12058288968282;5.154373634625051;0.000339569432701;1;1
391.19078537248055;545.0387353333117;1.1350945644677674e-05;0.0;0.0003602667379258;0.0;1;1
118.85424551298864;283.19259361577974;0.0901445515341451;269.0359715493652;59.20249688474115;4.165403248277188e-05;0;1
128.43165089506053;364.7356971771153;1.4338348614583645;286.0603646942319;40.98685899711555;0.4784242558509255;0;1
331.6588479482305;599.058748887262;0.0;0.0;0.0001643674445401;0.0;1;1
880.1332787589531;80.1424421014925;2.265926629334128e-05;0.0;0.0004112902779023;0.0;2;2
424.8398731336534;578.4156354945002;1.0959062775368984e-05;0.0;0.0001372530853188;0.0;1;1
756.7473178636826;41.68631548998057;0.0;0.0;0.0;0.0;2;2
814.3688119935794;187.17522226125843;0.0;0.0;7.765313614002752e-05;0.0;2;2
783.0390651346785;233.62114270008192;6.832164629353251e-05;0.8026016527829073;0.0005194326682967;0.0002077946675094;2;2
202.1696910564065;234.86173531468145;0.0001300295650578;195.06636427795016;0.0049802839387506;9.541755916239108e-05;0;0
